id_devolucion,fecha,id_cliente,sku,cantidad,motivo
DEV-00001,01/20/2025,C-01399,SKU-1076,4,Vencido
DEV-00002,03/07/2023,C-01265,SKU-1128,6,Vencido
DEV-00003,2026-06-03,C-00798,SKU-1030,8,Vencido
DEV-00004,28/09/2025,C-01297,SKU-1067,7,averiado
DEV-00005,04-09-2023,C-01398,SKU-1073,4,Vencido
DEV-00006,2023-07-20,C-00098,SKU-1103,2,averiado
DEV-00007,07/04/2023,C-00752,SKU-1133,1,Error de despacho
DEV-00008,08/08/2023,C-02313,SKU-1049,4,averiado
DEV-00009,2024-12-02,C-01600,SKU-1001,7,No solicitado
DEV-00010,2025-10-12,C-01336,SKU-1050,2,Error de despacho
DEV-00011,2025-07-27,C-90056,SKU-1085,4,No solicitado
DEV-00012,29/05/2026,C-01687,SKU-1121,8,No solicitado
DEV-00013,03-03-2023,C-00130,SKU-1002,8,PRODUCTO AVERIADO
DEV-00014,15/01/2025,C-01889,SKU-1068,6,averiado
DEV-00015,2023-03-16,C-00763,SKU-1085,2,Error de despacho
DEV-00016,05/03/2024,C-00582,SKU-1043,4,averiado
DEV-00017,08-08-2025,C-01944,SKU-1085,5,No solicitado
DEV-00018,03/07/2023,C-00913,SKU-1147,2,Empaque defectuoso
DEV-00019,2026-02-16,C-00776,SKU-1085,5,No solicitado
DEV-00020,23/06/2026,C-00789,SKU-1113,6,Producto averiado
DEV-00021,2024-05-16,C-90039,SKU-1116,6,Vencido
DEV-00022,2024-08-19,C-01752,SKU-1105,5,averiado
DEV-00023,06/08/2024,C-00239,SKU-1151,3,averiado
DEV-00024,11/08/2024,C-02352,SKU-1085,8,Vencido
DEV-00025,2025-11-22,C-90123,SKU-1117,4,Error de despacho
DEV-00026,2024-10-27,C-00879,SKU-1122,1,Producto averiado
DEV-00027,2023-02-15,C-00274,SKU-1085,7,Error de despacho
DEV-00028,2025-12-10,C-00441,SKU-1014,3,No solicitado
DEV-00029,04/12/2023,C-00252,SKU-1065,5,No solicitado
DEV-00030,25-05-2023,C-90116,SKU-1032,6,Producto averiado
DEV-00031,2023-10-25,C-00126,SKU-1033,2,Vencido
DEV-00032,2025-04-11,C-01941,SKU-1085,8,Producto averiado
DEV-00033,2026-02-06,C-01030,SKU-1003,5,Error de despacho
DEV-00034,11/02/2026,C-01842,SKU-1085,7,Vencido
DEV-00035,29/07/2024,C-90143,SKU-1000,5,Vencido
DEV-00036,17-12-2024,C-02039,SKU-1085,2,PRODUCTO AVERIADO
DEV-00037,2023-12-10,C-01381,SKU-1035,5,Error de despacho
DEV-00038,05-07-2024,C-00364,SKU-1085,2,Producto averiado
DEV-00039,2025-08-18,C-01899,SKU-1085,7,PRODUCTO AVERIADO
DEV-00040,2025-04-30,C-00635,SKU-1091,5,Vencido
DEV-00041,02/06/2025,C-01562,SKU-1137,6,Empaque defectuoso
DEV-00042,20/08/2023,C-01787,SKU-1085,7,Error de despacho
DEV-00043,2026-02-09,C-90168,SKU-1110,3,Empaque defectuoso
DEV-00044,07-07-2025,C-00969,SKU-1140,2,Producto averiado
DEV-00045,2026-03-15,C-00409,SKU-1023,1,PRODUCTO AVERIADO
DEV-00046,2023-01-21,C-00739,SKU-1119,2,averiado
DEV-00047,28-02-2024,C-00301,SKU-1085,2,Error de despacho
DEV-00048,12-01-2024,C-01031,SKU-1085,2,Vencido
DEV-00049,2025-07-30,C-00480,SKU-1118,6,Error de despacho
DEV-00050,2023-10-09,C-00617,SKU-1041,6,averiado
DEV-00051,2026-04-28,C-00084,SKU-1012,8,Error de despacho
DEV-00052,02/10/2024,C-02135,SKU-1085,4,Error de despacho
DEV-00053,13-06-2023,C-00021,SKU-1147,4,Error de despacho
DEV-00054,26/02/2023,C-00097,SKU-1139,3,Producto averiado
DEV-00055,2026-04-08,C-90108,SKU-1101,3,No solicitado
DEV-00056,11/25/2023,C-02092,SKU-1121,7,Error de despacho
DEV-00057,2024-07-06,C-90173,SKU-1086,7,No solicitado
DEV-00058,2026-03-30,C-01562,SKU-1120,4,averiado
DEV-00059,03/21/2026,C-01066,SKU-1085,1,PRODUCTO AVERIADO
DEV-00060,2026-01-01,C-01768,SKU-1017,4,No solicitado
DEV-00061,2026-06-06,C-00890,SKU-1129,6,Vencido
DEV-00062,2024-06-10,C-00245,SKU-1135,5,Error de despacho
DEV-00063,01/07/2023,C-01857,SKU-1139,7,averiado
DEV-00064,17-07-2023,C-00055,SKU-1045,4,No solicitado
DEV-00065,13/12/2024,C-02029,SKU-1026,4,Empaque defectuoso
DEV-00066,2026-01-01,C-02038,SKU-1101,5,Error de despacho
DEV-00067,23/07/2025,C-90108,SKU-1019,4,Error de despacho
DEV-00068,22/11/2025,C-00617,SKU-1086,3,Error de despacho
DEV-00069,2026-03-28,C-00290,SKU-1074,4,No solicitado
DEV-00070,10/02/2023,C-00699,SKU-1029,7,averiado
DEV-00071,2023-12-09,C-01068,SKU-1007,8,Vencido
DEV-00072,2023-07-30,C-00215,SKU-1085,3,PRODUCTO AVERIADO
DEV-00073,2026-03-17,C-00501,SKU-1038,4,No solicitado
DEV-00074,2024-05-28,C-00234,SKU-1014,1,Empaque defectuoso
DEV-00075,2026-04-17,C-01988,SKU-1061,7,No solicitado
DEV-00076,2025-08-27,C-00816,SKU-1105,6,Empaque defectuoso
DEV-00077,2023-05-26,C-00362,SKU-1084,2,averiado
DEV-00078,2026-06-01,C-00774,SKU-1030,2,PRODUCTO AVERIADO
DEV-00079,2024-09-23,C-01493,SKU-1085,6,PRODUCTO AVERIADO
DEV-00080,04-09-2024,C-01657,SKU-1062,3,averiado
DEV-00081,2024-08-16,C-01759,SKU-1078,5,PRODUCTO AVERIADO
DEV-00082,30-01-2026,C-00803,SKU-1030,4,No solicitado
DEV-00083,11/04/2025,C-90077,SKU-1131,5,Error de despacho
DEV-00084,22/10/2025,C-01552,SKU-1139,6,PRODUCTO AVERIADO
DEV-00085,2025-10-08,C-00054,SKU-1081,2,Empaque defectuoso
DEV-00086,2023-10-20,C-00857,SKU-1085,2,Producto averiado
DEV-00087,03/08/2023,C-01167,SKU-1028,8,Producto averiado
DEV-00088,2024-04-01,C-02161,SKU-1136,8,Empaque defectuoso
DEV-00089,29-03-2025,C-01156,SKU-1093,8,Producto averiado
DEV-00090,2023-03-11,C-01065,SKU-1115,8,Vencido
DEV-00091,04/12/2025,C-01500,SKU-1012,1,averiado
DEV-00092,07/06/2025,C-00638,SKU-1067,5,Vencido
DEV-00093,2025-08-06,C-01151,SKU-1021,4,averiado
DEV-00094,2024-02-23,C-02315,SKU-1008,2,Empaque defectuoso
DEV-00095,2024-11-30,C-90141,SKU-1038,2,averiado
DEV-00096,2023-03-10,C-01978,SKU-1014,3,averiado
DEV-00097,2025-06-10,C-00294,SKU-1056,2,Empaque defectuoso
DEV-00098,2024-05-11,C-02328,SKU-1039,5,averiado
DEV-00099,2025-07-11,C-01106,SKU-1009,8,Producto averiado
DEV-00100,2025-01-18,C-01068,SKU-1085,2,Vencido
DEV-00101,16-12-2023,C-01451,SKU-1111,2,averiado
DEV-00102,2026-06-15,C-01871,SKU-1085,4,No solicitado
DEV-00103,2025-08-04,C-01922,SKU-1135,4,Error de despacho
DEV-00104,12-07-2025,C-01646,SKU-1121,7,Vencido
DEV-00105,18-12-2023,C-00098,SKU-1082,3,averiado
DEV-00106,2026-06-12,C-01696,SKU-1085,3,Producto averiado
DEV-00107,07/02/2025,C-02173,SKU-1034,7,No solicitado
DEV-00108,31/05/2025,C-00657,SKU-1073,4,Error de despacho
DEV-00109,2024-09-16,C-00755,SKU-1085,4,No solicitado
DEV-00110,2024-12-23,C-01744,SKU-1085,6,Vencido
DEV-00111,27/03/2024,C-01492,SKU-1001,6,Error de despacho
DEV-00112,2026-01-29,C-02347,SKU-1085,3,Error de despacho
DEV-00113,2023-10-15,C-01053,SKU-1090,7,Producto averiado
DEV-00114,07/06/2023,C-01857,SKU-1043,1,No solicitado
DEV-00115,2024-11-11,C-00982,SKU-1150,1,Vencido
DEV-00116,26-02-2023,C-02041,SKU-1008,5,No solicitado
DEV-00117,2025-12-27,C-02147,SKU-1073,2,Producto averiado
DEV-00118,2023-03-22,C-02043,SKU-1059,7,Vencido
DEV-00119,10/21/2024,C-90160,SKU-1097,7,Producto averiado
DEV-00120,2025-02-19,C-01536,SKU-1088,6,Vencido
DEV-00121,28/05/2023,C-00621,SKU-1023,6,No solicitado
DEV-00122,2025-01-22,C-01297,SKU-1085,1,Error de despacho
DEV-00123,2023-12-22,C-00355,SKU-1080,5,PRODUCTO AVERIADO
DEV-00124,2024-04-05,C-90114,SKU-1089,8,averiado
DEV-00125,2024-12-30,C-00753,SKU-1124,3,PRODUCTO AVERIADO
DEV-00126,2024-07-08,C-02095,SKU-1122,5,Empaque defectuoso
DEV-00127,04/14/2023,C-01416,SKU-1085,3,Vencido
DEV-00128,2024-02-23,C-00204,SKU-1097,4,PRODUCTO AVERIADO
DEV-00129,10/09/2025,C-02393,SKU-1072,7,Vencido
DEV-00130,03/23/2023,C-00036,SKU-1085,5,Error de despacho
DEV-00131,10/04/2023,C-02257,SKU-1062,8,Producto averiado
DEV-00132,22-11-2023,C-01192,SKU-1085,4,Error de despacho
DEV-00133,20/04/2026,C-01121,SKU-1013,5,Producto averiado
DEV-00134,10/18/2023,C-00485,SKU-1021,4,Error de despacho
DEV-00135,31/03/2026,C-00940,SKU-1018,5,Vencido
DEV-00136,2026-04-05,C-00096,SKU-1014,2,PRODUCTO AVERIADO
DEV-00137,2024-09-25,C-00542,SKU-1085,8,averiado
DEV-00138,21/05/2025,C-00027,SKU-1118,8,No solicitado
DEV-00139,26/01/2023,C-01395,SKU-1061,3,averiado
DEV-00140,06/06/2024,C-00988,SKU-1101,7,Error de despacho
DEV-00141,2025-02-22,C-01166,SKU-1085,8,No solicitado
DEV-00142,15/05/2024,C-02029,SKU-1058,3,Vencido
DEV-00143,2025-10-06,C-01582,SKU-1093,7,Error de despacho
DEV-00144,06/05/2023,C-00388,SKU-1054,8,No solicitado
DEV-00145,08/06/2024,C-01442,SKU-1085,5,No solicitado
DEV-00146,2025-08-08,C-02135,SKU-1051,5,PRODUCTO AVERIADO
DEV-00147,2025-02-10,C-00020,SKU-1008,7,Producto averiado
DEV-00148,28/05/2025,C-02156,SKU-1026,4,PRODUCTO AVERIADO
DEV-00149,2023-09-01,C-00060,SKU-1050,4,Producto averiado
DEV-00150,06/10/2024,C-00883,SKU-1085,2,PRODUCTO AVERIADO
DEV-00151,2025-06-20,C-00967,SKU-1086,7,Empaque defectuoso
DEV-00152,19/11/2023,C-90020,SKU-1056,3,Vencido
DEV-00153,2025-06-14,C-00807,SKU-1085,2,averiado
DEV-00154,08-04-2025,C-00767,SKU-1085,7,Producto averiado
DEV-00155,08/29/2025,C-00240,SKU-1053,5,Producto averiado
DEV-00156,2024-07-08,C-01408,SKU-1085,5,Empaque defectuoso
DEV-00157,2023-12-20,C-01173,SKU-1114,8,Vencido
DEV-00158,10/02/2023,C-02133,SKU-1125,2,Empaque defectuoso
DEV-00159,2025-01-05,C-01986,SKU-1059,5,PRODUCTO AVERIADO
DEV-00160,2023-04-20,C-00345,SKU-1111,3,averiado
DEV-00161,03-05-2023,C-00121,SKU-1085,2,Empaque defectuoso
DEV-00162,2024-12-03,C-01394,SKU-1041,1,averiado
DEV-00163,2025-05-20,C-01313,SKU-1058,7,Error de despacho
DEV-00164,2026-05-09,C-02211,SKU-1085,5,averiado
DEV-00165,08/05/2023,C-00949,SKU-1085,1,Empaque defectuoso
DEV-00166,09/02/2023,C-01055,SKU-1085,8,No solicitado
DEV-00167,2023-09-05,C-02152,SKU-1117,2,Error de despacho
DEV-00168,2024-06-05,C-01402,SKU-1085,4,PRODUCTO AVERIADO
DEV-00169,2024-04-22,C-00160,SKU-1038,2,Producto averiado
DEV-00170,23/03/2023,C-00492,SKU-1085,3,Vencido
DEV-00171,21/07/2024,C-02223,SKU-1127,3,No solicitado
DEV-00172,08/04/2023,C-00533,SKU-1085,2,Vencido
DEV-00173,2025-01-20,C-00056,SKU-1121,8,No solicitado
DEV-00174,01/05/2026,C-01875,SKU-1023,3,Producto averiado
DEV-00175,02/11/2025,C-01914,SKU-1053,3,Vencido
DEV-00176,09/15/2024,C-02198,SKU-1008,7,averiado
DEV-00177,2023-11-10,C-02314,SKU-1142,3,Producto averiado
DEV-00178,2023-06-11,C-01932,SKU-1085,3,Producto averiado
DEV-00179,2026-02-07,C-00879,SKU-1007,4,Error de despacho
DEV-00180,16/09/2023,C-00118,SKU-1049,4,Empaque defectuoso
DEV-00181,2023-06-07,C-02280,SKU-1146,5,No solicitado
DEV-00182,2025-09-23,C-01672,SKU-1019,6,Empaque defectuoso
DEV-00183,2026-01-11,C-01826,SKU-1124,4,averiado
DEV-00184,2025-02-15,C-00474,SKU-1061,2,averiado
DEV-00185,04/13/2026,C-01685,SKU-1144,2,Error de despacho
DEV-00186,12/07/2025,C-01073,SKU-1085,7,PRODUCTO AVERIADO
DEV-00187,11/26/2024,C-02163,SKU-1145,4,No solicitado
DEV-00188,2026-03-24,C-00721,SKU-1013,3,Producto averiado
DEV-00189,2024-06-27,C-00609,SKU-1085,2,PRODUCTO AVERIADO
DEV-00190,2023-03-28,C-01029,SKU-1085,4,Error de despacho
DEV-00191,17-09-2025,C-00885,SKU-1052,6,No solicitado
DEV-00192,16/06/2026,C-90177,SKU-1078,8,averiado
DEV-00193,2023-01-09,C-01031,SKU-1085,7,Producto averiado
DEV-00194,2023-07-16,C-01231,SKU-1114,2,averiado
DEV-00195,02/19/2024,C-01729,SKU-1035,4,Empaque defectuoso
DEV-00196,2026-02-23,C-90129,SKU-1017,3,No solicitado
DEV-00197,20/10/2025,C-01767,SKU-1013,6,Empaque defectuoso
DEV-00198,17/06/2026,C-01499,SKU-1078,1,Producto averiado
DEV-00199,2023-08-13,C-00589,SKU-1085,7,PRODUCTO AVERIADO
DEV-00200,2025-08-21,C-02036,SKU-1124,2,Vencido
DEV-00201,2025-04-10,C-00394,SKU-1086,5,Producto averiado
DEV-00202,15-01-2023,C-02100,SKU-1085,4,Error de despacho
DEV-00203,2024-03-12,C-01002,SKU-1014,1,Empaque defectuoso
DEV-00204,04-06-2026,C-01743,SKU-1085,4,Producto averiado
DEV-00205,10/05/2025,C-01228,SKU-1097,8,Empaque defectuoso
DEV-00206,11-04-2023,C-00606,SKU-1139,2,Producto averiado
DEV-00207,16/07/2023,C-01533,SKU-1012,8,No solicitado
DEV-00208,2024-03-08,C-01966,SKU-1085,7,Producto averiado
DEV-00209,2023-10-11,C-02233,SKU-1149,4,Empaque defectuoso
DEV-00210,2023-07-26,C-00243,SKU-1068,2,Producto averiado
DEV-00211,2026-02-03,C-02307,SKU-1025,5,Error de despacho
DEV-00212,02/07/2025,C-90169,SKU-1086,5,No solicitado
DEV-00213,2025-09-18,C-01486,SKU-1135,6,Empaque defectuoso
DEV-00214,2025-06-05,C-01463,SKU-1132,4,No solicitado
DEV-00215,2023-10-30,C-01770,SKU-1005,3,PRODUCTO AVERIADO
DEV-00216,28/09/2025,C-01811,SKU-1087,4,PRODUCTO AVERIADO
DEV-00217,2023-02-23,C-00352,SKU-1074,5,Producto averiado
DEV-00218,2025-05-28,C-00648,SKU-1002,5,Producto averiado
DEV-00219,27/06/2023,C-00052,SKU-1040,4,PRODUCTO AVERIADO
DEV-00220,2025-03-12,C-00046,SKU-1038,4,PRODUCTO AVERIADO
DEV-00221,12-10-2024,C-01658,SKU-1060,1,No solicitado
DEV-00222,2026-01-15,C-00122,SKU-1131,4,Empaque defectuoso
DEV-00223,2023-09-06,C-00191,SKU-1085,8,Empaque defectuoso
DEV-00224,2026-04-07,C-00778,SKU-1108,8,Producto averiado
DEV-00225,2025-03-21,C-01599,SKU-1085,7,Empaque defectuoso
DEV-00226,2024-03-22,C-90050,SKU-1045,6,No solicitado
DEV-00227,24/04/2026,C-01499,SKU-1055,1,No solicitado
DEV-00228,2025-07-20,C-00797,SKU-1117,5,Producto averiado
DEV-00229,2023-02-26,C-01092,SKU-1078,6,Vencido
DEV-00230,20/02/2026,C-90046,SKU-1134,3,PRODUCTO AVERIADO
DEV-00231,2024-04-04,C-00045,SKU-1120,3,Error de despacho
DEV-00232,15-04-2025,C-00676,SKU-1085,4,Producto averiado
DEV-00233,2026-02-02,C-01218,SKU-1069,3,No solicitado
DEV-00234,2024-09-16,C-01223,SKU-1121,5,Empaque defectuoso
DEV-00235,25/01/2025,C-00777,SKU-1080,3,Producto averiado
DEV-00236,2023-06-21,C-00898,SKU-1085,4,averiado
DEV-00237,2025-11-21,C-00044,SKU-1016,3,Empaque defectuoso
DEV-00238,2023-06-20,C-01540,SKU-1085,8,averiado
DEV-00239,2024-12-17,C-00614,SKU-1099,2,No solicitado
DEV-00240,2024-10-20,C-01069,SKU-1085,1,No solicitado
DEV-00241,2023-07-03,C-01916,SKU-1130,1,Empaque defectuoso
DEV-00242,2026-01-18,C-02318,SKU-1037,2,Producto averiado
DEV-00243,07/05/2025,C-00039,SKU-1081,8,PRODUCTO AVERIADO
DEV-00244,2025-07-03,C-01482,SKU-1062,4,Empaque defectuoso
DEV-00245,24/11/2024,C-02012,SKU-1086,1,averiado
DEV-00246,2024-05-30,C-01001,SKU-1024,6,PRODUCTO AVERIADO
DEV-00247,2024-09-09,C-01489,SKU-1085,3,Empaque defectuoso
DEV-00248,04/16/2023,C-00585,SKU-1019,8,averiado
DEV-00249,08/14/2025,C-01900,SKU-1090,4,Vencido
DEV-00250,2025-12-20,C-01192,SKU-1007,4,No solicitado
DEV-00251,05/23/2025,C-00033,SKU-1111,6,averiado
DEV-00252,2026-01-31,C-01399,SKU-1085,6,PRODUCTO AVERIADO
DEV-00253,07-06-2023,C-90040,SKU-1119,4,Producto averiado
DEV-00254,23/08/2024,C-01255,SKU-1126,4,Producto averiado
DEV-00255,19-05-2026,C-01815,SKU-1142,4,Vencido
DEV-00256,07/25/2024,C-02163,SKU-1010,5,averiado
DEV-00257,26-06-2023,C-02268,SKU-1080,4,averiado
DEV-00258,14-05-2026,C-00371,SKU-1085,1,PRODUCTO AVERIADO
DEV-00259,2024-05-13,C-00268,SKU-1085,2,averiado
DEV-00260,19/08/2023,C-01938,SKU-1021,6,Vencido
DEV-00261,2025-07-27,C-01818,SKU-1151,7,Vencido
DEV-00262,20-04-2023,C-00555,SKU-1151,1,No solicitado
DEV-00263,2024-06-11,C-00516,SKU-1121,7,No solicitado
DEV-00264,08-01-2026,C-00365,SKU-1085,5,PRODUCTO AVERIADO
DEV-00265,2025-04-03,C-00058,SKU-1085,7,Producto averiado
DEV-00266,08-11-2024,C-00664,SKU-1041,2,Error de despacho
DEV-00267,2025-04-03,C-90160,SKU-1085,1,PRODUCTO AVERIADO
DEV-00268,2023-05-06,C-02009,SKU-1069,3,Vencido
DEV-00269,2025-01-04,C-02220,SKU-1074,2,averiado
DEV-00270,18/01/2024,C-00247,SKU-1146,6,PRODUCTO AVERIADO
DEV-00271,2024-11-22,C-00346,SKU-1132,2,Vencido
DEV-00272,2023-04-17,C-01169,SKU-1068,1,Vencido
DEV-00273,18-11-2024,C-02325,SKU-1045,1,Vencido
DEV-00274,24-03-2024,C-01508,SKU-1088,3,Error de despacho
DEV-00275,31/08/2024,C-01422,SKU-1041,7,No solicitado
DEV-00276,08/05/2024,C-02325,SKU-1002,8,PRODUCTO AVERIADO
DEV-00277,2025-01-07,C-02228,SKU-1033,7,No solicitado
DEV-00278,2024-06-19,C-01080,SKU-1049,1,Producto averiado
DEV-00279,16-03-2024,C-00794,SKU-1140,7,No solicitado
DEV-00280,2024-01-11,C-02234,SKU-1085,4,Vencido
DEV-00281,2024-01-27,C-01441,SKU-1085,3,averiado
DEV-00282,01/12/2023,C-01697,SKU-1011,3,Vencido
DEV-00283,2025-01-17,C-02096,SKU-1085,3,No solicitado
DEV-00284,17/10/2025,C-02165,SKU-1082,3,Vencido
DEV-00285,2025-06-28,C-90090,SKU-1085,8,Empaque defectuoso
DEV-00286,10-06-2023,C-01618,SKU-1085,3,Vencido
DEV-00287,11/04/2024,C-00628,SKU-1083,1,No solicitado
DEV-00288,2025-04-21,C-02104,SKU-1085,5,PRODUCTO AVERIADO
DEV-00289,2023-08-28,C-00949,SKU-1077,8,Producto averiado
DEV-00290,2026-04-24,C-00035,SKU-1085,8,No solicitado
DEV-00291,09/09/2024,C-01675,SKU-1135,4,Empaque defectuoso
DEV-00292,19-02-2023,C-00898,SKU-1001,2,averiado
DEV-00293,2023-03-20,C-02384,SKU-1074,7,Empaque defectuoso
DEV-00294,2024-11-06,C-01840,SKU-1047,4,PRODUCTO AVERIADO
DEV-00295,2025-11-29,C-01921,SKU-1026,2,No solicitado
DEV-00296,2023-01-28,C-00460,SKU-1085,1,Producto averiado
DEV-00297,2024-04-19,C-00928,SKU-1132,7,PRODUCTO AVERIADO
DEV-00298,23-10-2024,C-01069,SKU-1128,7,No solicitado
DEV-00299,06/02/2024,C-00549,SKU-1021,2,Error de despacho
DEV-00300,29/02/2024,C-01623,SKU-1092,8,Empaque defectuoso
DEV-00301,2024-11-21,C-00666,SKU-1124,5,Producto averiado
DEV-00302,2024-08-24,C-00881,SKU-1043,1,Error de despacho
DEV-00303,2025-04-27,C-02005,SKU-1085,4,No solicitado
DEV-00304,26/05/2024,C-00336,SKU-1143,6,Vencido
DEV-00305,08-04-2024,C-00752,SKU-1007,6,Vencido
DEV-00306,2024-11-09,C-00089,SKU-1075,5,Producto averiado
DEV-00307,11/10/2025,C-02108,SKU-1085,8,PRODUCTO AVERIADO
DEV-00308,2024-03-31,C-01078,SKU-1090,7,Vencido
DEV-00309,2023-01-16,C-00946,SKU-1028,2,Vencido
DEV-00310,2024-04-12,C-00170,SKU-1091,5,Vencido
DEV-00311,2026-04-16,C-00753,SKU-1017,5,Producto averiado
DEV-00312,2024-07-20,C-00957,SKU-1043,1,Producto averiado
DEV-00313,2026-03-14,C-00903,SKU-1103,8,Vencido
DEV-00314,14/07/2025,C-00804,SKU-1015,6,Producto averiado
DEV-00315,2026-01-02,C-00197,SKU-1085,1,Producto averiado
DEV-00316,2024-07-23,C-02305,SKU-1111,2,Empaque defectuoso
DEV-00317,19/03/2024,C-00788,SKU-1050,6,Producto averiado
DEV-00318,2025-02-14,C-01675,SKU-1110,4,Empaque defectuoso
DEV-00319,2025-08-31,C-01738,SKU-1069,5,Error de despacho
DEV-00320,12/12/2025,C-01266,SKU-1085,8,Error de despacho
DEV-00321,19/08/2024,C-90121,SKU-1085,7,No solicitado
DEV-00322,20/09/2023,C-00343,SKU-1085,8,Empaque defectuoso
DEV-00323,2024-06-27,C-02139,SKU-1133,3,No solicitado
DEV-00324,24-10-2025,C-02128,SKU-1085,3,No solicitado
DEV-00325,2025-07-21,C-01953,SKU-1080,4,Producto averiado
DEV-00326,2026-04-23,C-00725,SKU-1085,4,averiado
DEV-00327,2025-02-11,C-00687,SKU-1085,5,Error de despacho
DEV-00328,2024-11-03,C-01259,SKU-1093,8,averiado
DEV-00329,30-01-2025,C-01217,SKU-1129,6,Error de despacho
DEV-00330,27/08/2024,C-00332,SKU-1148,1,Vencido
DEV-00331,11/03/2024,C-02159,SKU-1023,3,averiado
DEV-00332,16-06-2024,C-01915,SKU-1014,3,No solicitado
DEV-00333,2023-01-21,C-02166,SKU-1139,8,averiado
DEV-00334,02/12/2024,C-00481,SKU-1085,5,Empaque defectuoso
DEV-00335,2026-01-06,C-01091,SKU-1096,3,Empaque defectuoso
DEV-00336,2025-08-31,C-01398,SKU-1016,8,Error de despacho
DEV-00337,2023-04-09,C-02095,SKU-1126,3,PRODUCTO AVERIADO
DEV-00338,27-12-2025,C-90031,SKU-1085,3,PRODUCTO AVERIADO
DEV-00339,03/12/2023,C-01418,SKU-1060,1,No solicitado
DEV-00340,2026-01-10,C-01624,SKU-1033,6,PRODUCTO AVERIADO
DEV-00341,2024-02-27,C-00422,SKU-1084,8,No solicitado
DEV-00342,2024-04-17,C-02152,SKU-1126,2,Empaque defectuoso
DEV-00343,10/05/2024,C-01916,SKU-1085,4,averiado
DEV-00344,2026-02-23,C-02021,SKU-1032,2,PRODUCTO AVERIADO
DEV-00345,2025-12-21,C-01448,SKU-1031,8,averiado
DEV-00346,21/02/2025,C-00426,SKU-1133,3,Empaque defectuoso
DEV-00347,2024-04-04,C-01246,SKU-1109,1,averiado
DEV-00348,12-07-2024,C-00822,SKU-1102,4,Producto averiado
DEV-00349,02/02/2025,C-01223,SKU-1132,6,No solicitado
DEV-00350,2023-10-31,C-01972,SKU-1011,5,Vencido
DEV-00351,2025-10-06,C-00737,SKU-1086,3,Error de despacho
DEV-00352,2025-10-26,C-01122,SKU-1103,5,Empaque defectuoso
DEV-00353,2025-01-22,C-00925,SKU-1109,5,Error de despacho
DEV-00354,29-03-2024,C-90031,SKU-1011,4,No solicitado
DEV-00355,2026-03-15,C-02331,SKU-1085,7,PRODUCTO AVERIADO
DEV-00356,2026-05-16,C-01462,SKU-1137,5,Vencido
DEV-00357,2025-10-31,C-02173,SKU-1085,5,averiado
DEV-00358,2023-06-20,C-01614,SKU-1081,2,PRODUCTO AVERIADO
DEV-00359,24-09-2024,C-00542,SKU-1057,5,averiado
DEV-00360,06/19/2024,C-00954,SKU-1085,4,PRODUCTO AVERIADO
DEV-00361,2025-10-13,C-90162,SKU-1091,8,Error de despacho
DEV-00362,2023-05-20,C-00112,SKU-1082,5,averiado
DEV-00363,2023-02-05,C-01154,SKU-1085,7,averiado
DEV-00364,2024-09-28,C-02333,SKU-1036,7,No solicitado
DEV-00365,20/02/2025,C-00855,SKU-1052,2,Producto averiado
DEV-00366,2023-04-25,C-90125,SKU-1073,1,averiado
DEV-00367,2025-07-29,C-00809,SKU-1009,4,Empaque defectuoso
DEV-00368,2024-12-14,C-02128,SKU-1048,2,No solicitado
DEV-00369,2024-07-01,C-00729,SKU-1085,5,Vencido
DEV-00370,2023-03-21,C-01014,SKU-1121,2,Empaque defectuoso
DEV-00371,23/12/2025,C-00737,SKU-1085,5,No solicitado
DEV-00372,2024-03-17,C-01315,SKU-1041,5,Empaque defectuoso
DEV-00373,2024-04-10,C-01958,SKU-1102,5,Error de despacho
DEV-00374,2023-12-06,C-00512,SKU-1085,8,Error de despacho
DEV-00375,23/07/2025,C-01710,SKU-1067,6,No solicitado
DEV-00376,2024-02-09,C-02159,SKU-1097,7,Empaque defectuoso
DEV-00377,2025-08-17,C-00637,SKU-1147,7,Vencido
DEV-00378,05-01-2026,C-01591,SKU-1127,5,Vencido
DEV-00379,18/01/2023,C-90021,SKU-1085,1,averiado
DEV-00380,21-04-2026,C-01072,SKU-1127,5,Vencido
DEV-00381,2023-09-09,C-00569,SKU-1054,8,No solicitado
DEV-00382,2024-08-18,C-00305,SKU-1120,2,Producto averiado
DEV-00383,2023-02-03,C-01061,SKU-1085,3,Vencido
DEV-00384,16-11-2023,C-02323,SKU-1079,3,No solicitado
DEV-00385,27/12/2025,C-01409,SKU-1085,8,Producto averiado
DEV-00386,16-06-2023,C-02299,SKU-1008,6,Producto averiado
DEV-00387,2023-05-16,C-01365,SKU-1036,4,No solicitado
DEV-00388,2024-01-05,C-01090,SKU-1085,7,PRODUCTO AVERIADO
DEV-00389,2025-10-29,C-01551,SKU-1143,3,Empaque defectuoso
DEV-00390,2025-09-27,C-00692,SKU-1147,2,Producto averiado
DEV-00391,2023-08-01,C-01787,SKU-1054,8,No solicitado
DEV-00392,2024-07-10,C-00024,SKU-1096,3,Error de despacho
DEV-00393,2023-02-01,C-00144,SKU-1085,2,Error de despacho
DEV-00394,2024-03-09,C-02323,SKU-1008,3,Producto averiado
DEV-00395,29/10/2023,C-90048,SKU-1065,4,Producto averiado
DEV-00396,04/06/2025,C-00680,SKU-1085,7,Vencido
DEV-00397,2023-03-18,C-02059,SKU-1043,4,Producto averiado
DEV-00398,2025-02-05,C-00036,SKU-1128,1,averiado
DEV-00399,2026-06-02,C-01008,SKU-1054,7,Vencido
DEV-00400,05/03/2025,C-00493,SKU-1046,3,Error de despacho
DEV-00401,30/09/2023,C-01064,SKU-1056,1,PRODUCTO AVERIADO
DEV-00402,2024-03-26,C-01886,SKU-1143,5,Vencido
DEV-00403,2025-11-05,C-01880,SKU-1131,5,Vencido
DEV-00404,2025-08-05,C-02377,SKU-1055,2,Producto averiado
DEV-00405,2025-09-29,C-00615,SKU-1112,5,averiado
DEV-00406,14/11/2025,C-02100,SKU-1063,5,averiado
DEV-00407,07-04-2025,C-01585,SKU-1117,5,Vencido
DEV-00408,2024-01-04,C-00370,SKU-1132,4,Vencido
DEV-00409,2024-02-08,C-90011,SKU-1146,3,No solicitado
DEV-00410,17-09-2023,C-01247,SKU-1085,1,PRODUCTO AVERIADO
DEV-00411,2024-05-26,C-00316,SKU-1085,1,Empaque defectuoso
DEV-00412,2025-02-15,C-00103,SKU-1112,5,Vencido
DEV-00413,30/03/2024,C-00674,SKU-1011,8,averiado
DEV-00414,2026-01-16,C-02135,SKU-1079,3,Producto averiado
DEV-00415,01-01-2025,C-00076,SKU-1085,5,No solicitado
DEV-00416,2023-05-21,C-01721,SKU-1027,2,Vencido
DEV-00417,20-12-2024,C-90174,SKU-1141,1,averiado
DEV-00418,2024-02-05,C-00394,SKU-1119,1,Error de despacho
DEV-00419,12/05/2024,C-01875,SKU-1098,2,averiado
DEV-00420,23/06/2024,C-00101,SKU-1129,4,Error de despacho
DEV-00421,2023-11-23,C-00431,SKU-1058,7,Error de despacho
DEV-00422,2024-11-08,C-00544,SKU-1035,3,PRODUCTO AVERIADO
DEV-00423,2024-10-06,C-01442,SKU-1032,4,Empaque defectuoso
DEV-00424,2025-01-25,C-01430,SKU-1118,6,Vencido
DEV-00425,2026-02-09,C-01533,SKU-1085,1,Vencido
DEV-00426,2026-06-26,C-01907,SKU-1033,5,averiado
DEV-00427,11/06/2025,C-00976,SKU-1103,2,Error de despacho
DEV-00428,21/08/2025,C-01688,SKU-1029,2,PRODUCTO AVERIADO
DEV-00429,2023-06-19,C-02225,SKU-1013,6,Vencido
DEV-00430,2024-11-05,C-01479,SKU-1140,6,Producto averiado
DEV-00431,2025-12-25,C-01452,SKU-1085,2,averiado
DEV-00432,22/05/2024,C-90022,SKU-1126,4,Producto averiado
DEV-00433,2025-11-03,C-90086,SKU-1048,7,No solicitado
DEV-00434,2024-11-17,C-02377,SKU-1005,5,Producto averiado
DEV-00435,11/09/2025,C-01497,SKU-1040,1,PRODUCTO AVERIADO
DEV-00436,2024-01-05,C-01457,SKU-1085,4,No solicitado
DEV-00437,2023-07-04,C-00938,SKU-1085,8,Error de despacho
DEV-00438,10/28/2025,C-00098,SKU-1067,2,Empaque defectuoso
DEV-00439,12-10-2024,C-00018,SKU-1130,7,PRODUCTO AVERIADO
DEV-00440,04/04/2024,C-02049,SKU-1034,7,Error de despacho
DEV-00441,2024-11-26,C-01111,SKU-1077,6,averiado
DEV-00442,2025-05-23,C-00008,SKU-1144,5,averiado
DEV-00443,2023-01-23,C-00897,SKU-1039,2,averiado
DEV-00444,2025-10-19,C-00402,SKU-1073,1,No solicitado
DEV-00445,2026-01-09,C-02272,SKU-1017,6,Empaque defectuoso
DEV-00446,2024-03-11,C-00369,SKU-1040,4,PRODUCTO AVERIADO
DEV-00447,2025-11-28,C-01239,SKU-1107,2,PRODUCTO AVERIADO
DEV-00448,2025-11-26,C-90036,SKU-1085,6,No solicitado
DEV-00449,2025-04-17,C-01750,SKU-1148,4,averiado
DEV-00450,03/31/2023,C-01787,SKU-1018,8,Vencido
DEV-00451,2025-04-09,C-01214,SKU-1056,1,Error de despacho
DEV-00452,2025-11-15,C-00919,SKU-1025,4,Producto averiado
DEV-00453,2023-05-06,C-01032,SKU-1085,8,Empaque defectuoso
DEV-00454,2024-02-02,C-00365,SKU-1012,6,averiado
DEV-00455,14/06/2024,C-00092,SKU-1150,1,Empaque defectuoso
DEV-00456,2024-08-17,C-02299,SKU-1065,6,No solicitado
DEV-00457,06/08/2024,C-01377,SKU-1113,2,averiado
DEV-00458,07/02/2023,C-00803,SKU-1085,1,PRODUCTO AVERIADO
DEV-00459,20-10-2025,C-01351,SKU-1092,4,No solicitado
DEV-00460,2024-08-29,C-01706,SKU-1111,1,No solicitado
DEV-00461,2025-12-16,C-00944,SKU-1085,4,Empaque defectuoso
DEV-00462,2023-01-06,C-01141,SKU-1083,5,PRODUCTO AVERIADO
DEV-00463,2024-09-13,C-00924,SKU-1095,6,Producto averiado
DEV-00464,25/04/2024,C-00579,SKU-1148,8,PRODUCTO AVERIADO
DEV-00465,06/05/2025,C-02150,SKU-1085,4,averiado
DEV-00466,2023-06-28,C-00715,SKU-1123,5,No solicitado
DEV-00467,04/04/2023,C-00103,SKU-1085,4,averiado
DEV-00468,2024-04-24,C-00177,SKU-1007,6,PRODUCTO AVERIADO
DEV-00469,13-10-2023,C-02058,SKU-1104,8,PRODUCTO AVERIADO
DEV-00470,2023-09-24,C-01711,SKU-1041,1,Error de despacho
DEV-00471,2024-12-22,C-01759,SKU-1141,1,No solicitado
DEV-00472,05/06/2023,C-00602,SKU-1038,1,averiado
DEV-00473,19/01/2024,C-00675,SKU-1111,4,No solicitado
DEV-00474,10/15/2023,C-02055,SKU-1009,8,PRODUCTO AVERIADO
DEV-00475,11/24/2023,C-00115,SKU-1087,2,No solicitado
DEV-00476,2023-03-21,C-00701,SKU-1014,4,Empaque defectuoso
DEV-00477,2024-01-15,C-00318,SKU-1067,5,Empaque defectuoso
DEV-00478,25/08/2024,C-00688,SKU-1085,1,No solicitado
DEV-00479,01/27/2024,C-02160,SKU-1047,2,averiado
DEV-00480,2023-12-23,C-90021,SKU-1085,1,PRODUCTO AVERIADO
DEV-00481,2026-05-10,C-00270,SKU-1076,2,PRODUCTO AVERIADO
DEV-00482,09-07-2025,C-02351,SKU-1110,7,Vencido
DEV-00483,21/11/2023,C-01356,SKU-1040,8,Producto averiado
DEV-00484,2024-04-24,C-00580,SKU-1073,4,Vencido
DEV-00485,2024-12-07,C-01020,SKU-1002,7,Producto averiado
DEV-00486,2023-07-19,C-01773,SKU-1021,3,Empaque defectuoso
DEV-00487,12/03/2023,C-02093,SKU-1102,5,Empaque defectuoso
DEV-00488,2024-10-14,C-01491,SKU-1014,1,Vencido
DEV-00489,28-05-2025,C-01561,SKU-1015,1,PRODUCTO AVERIADO
DEV-00490,2023-12-16,C-01379,SKU-1049,5,averiado
DEV-00491,2025-10-29,C-01960,SKU-1133,1,Producto averiado
DEV-00492,2023-09-17,C-02166,SKU-1021,7,Vencido
DEV-00493,09/05/2026,C-90008,SKU-1025,6,Producto averiado
DEV-00494,2026-03-07,C-00679,SKU-1147,8,averiado
DEV-00495,02/10/2025,C-01135,SKU-1117,2,Producto averiado
DEV-00496,2024-05-25,C-01626,SKU-1085,1,No solicitado
DEV-00497,27-11-2023,C-00161,SKU-1043,2,Empaque defectuoso
DEV-00498,2023-04-12,C-02258,SKU-1008,7,averiado
DEV-00499,12/11/2025,C-90137,SKU-1025,3,averiado
DEV-00500,2023-03-25,C-01446,SKU-1085,8,Vencido
DEV-00501,2023-08-10,C-00912,SKU-1085,8,Producto averiado
DEV-00502,25-04-2024,C-01747,SKU-1033,5,No solicitado
DEV-00503,2026-06-02,C-00330,SKU-1103,4,Producto averiado
DEV-00504,2026-04-14,C-00421,SKU-1098,3,averiado
DEV-00505,2023-01-31,C-02190,SKU-1120,3,Vencido
DEV-00506,05-04-2025,C-01732,SKU-1011,6,Error de despacho
DEV-00507,13-06-2024,C-02237,SKU-1110,4,PRODUCTO AVERIADO
DEV-00508,09/14/2024,C-00582,SKU-1000,4,Empaque defectuoso
DEV-00509,02-05-2025,C-01931,SKU-1031,5,Error de despacho
DEV-00510,2024-06-18,C-00384,SKU-1116,5,Producto averiado
DEV-00511,04/04/2026,C-00001,SKU-1114,5,PRODUCTO AVERIADO
DEV-00512,2023-02-15,C-90074,SKU-1050,5,No solicitado
DEV-00513,2025-01-20,C-02359,SKU-1045,4,PRODUCTO AVERIADO
DEV-00514,23/03/2023,C-01487,SKU-1024,8,Producto averiado
DEV-00515,30/01/2026,C-01719,SKU-1085,3,Producto averiado
DEV-00516,2023-06-01,C-02167,SKU-1093,3,Vencido
DEV-00517,2023-05-20,C-90060,SKU-1042,6,Empaque defectuoso
DEV-00518,2024-12-31,C-00989,SKU-1005,3,PRODUCTO AVERIADO
DEV-00519,08/10/2024,C-01913,SKU-1085,5,averiado
DEV-00520,2024-10-30,C-90082,SKU-1132,8,averiado
DEV-00521,2026-03-03,C-01704,SKU-1080,6,PRODUCTO AVERIADO
DEV-00522,2024-11-15,C-01624,SKU-1016,5,Empaque defectuoso
DEV-00523,18/05/2024,C-90076,SKU-1119,6,PRODUCTO AVERIADO
DEV-00524,13/08/2025,C-01814,SKU-1112,1,Error de despacho
DEV-00525,2026-04-11,C-02390,SKU-1050,2,Empaque defectuoso
DEV-00526,2025-05-10,C-02200,SKU-1085,6,Error de despacho
DEV-00527,18-10-2023,C-01666,SKU-1086,1,No solicitado
DEV-00528,20/06/2023,C-01891,SKU-1066,4,averiado
DEV-00529,11/01/2023,C-01776,SKU-1065,2,averiado
DEV-00530,2024-01-02,C-90026,SKU-1142,5,No solicitado
DEV-00531,08/08/2024,C-02194,SKU-1105,2,Producto averiado
DEV-00532,2025-07-03,C-01981,SKU-1077,8,averiado
DEV-00533,26/05/2026,C-01442,SKU-1075,3,PRODUCTO AVERIADO
DEV-00534,12/04/2026,C-00887,SKU-1040,7,Vencido
DEV-00535,12/05/2023,C-02345,SKU-1142,2,Vencido
DEV-00536,2026-04-28,C-01262,SKU-1085,4,averiado
DEV-00537,2026-05-13,C-01233,SKU-1085,4,averiado
DEV-00538,2023-02-20,C-00357,SKU-1085,6,Empaque defectuoso
DEV-00539,11/01/2025,C-00924,SKU-1033,6,Vencido
DEV-00540,2026-02-26,C-00424,SKU-1091,5,Error de despacho
DEV-00541,2023-07-13,C-00688,SKU-1144,2,PRODUCTO AVERIADO
DEV-00542,21-05-2026,C-00414,SKU-1048,1,Vencido
DEV-00543,02/01/2025,C-01375,SKU-1103,5,Producto averiado
DEV-00544,2023-02-12,C-01541,SKU-1119,7,No solicitado
DEV-00545,21/01/2023,C-00438,SKU-1123,4,Vencido
DEV-00546,2024-11-14,C-01673,SKU-1013,2,No solicitado
DEV-00547,09/09/2025,C-01884,SKU-1085,2,Error de despacho
DEV-00548,10/07/2023,C-02135,SKU-1081,8,Empaque defectuoso
DEV-00549,2023-06-22,C-00432,SKU-1136,6,Producto averiado
DEV-00550,2025-11-19,C-01736,SKU-1113,7,averiado
DEV-00551,06/26/2026,C-00079,SKU-1019,3,Producto averiado
DEV-00552,2025-03-01,C-01700,SKU-1040,2,Error de despacho
DEV-00553,2026-03-31,C-01037,SKU-1119,5,Producto averiado
DEV-00554,2025-09-30,C-02036,SKU-1085,8,Vencido
DEV-00555,14-05-2024,C-00889,SKU-1000,6,No solicitado
DEV-00556,01/20/2025,C-01818,SKU-1084,2,Producto averiado
DEV-00557,2023-02-16,C-02116,SKU-1129,2,PRODUCTO AVERIADO
DEV-00558,2024-03-27,C-02053,SKU-1001,6,averiado
DEV-00559,21/09/2023,C-02398,SKU-1085,5,Vencido
DEV-00560,13-12-2024,C-01624,SKU-1048,2,Empaque defectuoso
DEV-00561,10/13/2025,C-00906,SKU-1085,4,PRODUCTO AVERIADO
DEV-00562,03/13/2026,C-01207,SKU-1086,4,Producto averiado
DEV-00563,15/04/2026,C-02088,SKU-1014,7,Producto averiado
DEV-00564,2025-09-27,C-02308,SKU-1085,6,Error de despacho
DEV-00565,07/12/2023,C-00596,SKU-1085,1,Vencido
DEV-00566,2023-03-12,C-01731,SKU-1129,8,averiado
DEV-00567,04-06-2024,C-00662,SKU-1085,5,Empaque defectuoso
DEV-00568,2023-07-07,C-01508,SKU-1108,6,averiado
DEV-00569,2024-09-13,C-01616,SKU-1122,8,No solicitado
DEV-00570,2023-06-14,C-01514,SKU-1099,3,Vencido
DEV-00571,2024-11-07,C-02212,SKU-1085,5,Vencido
DEV-00572,05/06/2023,C-01799,SKU-1085,2,averiado
DEV-00573,02/05/2025,C-00778,SKU-1092,4,Producto averiado
DEV-00574,07/02/2026,C-01736,SKU-1133,1,No solicitado
DEV-00575,2025-04-22,C-00408,SKU-1035,4,averiado
DEV-00576,2026-03-29,C-00871,SKU-1082,4,PRODUCTO AVERIADO
DEV-00577,2025-12-19,C-01831,SKU-1085,7,No solicitado
DEV-00578,2024-08-17,C-02158,SKU-1071,3,Empaque defectuoso
DEV-00579,2026-01-16,C-00858,SKU-1049,8,Empaque defectuoso
DEV-00580,14/10/2023,C-02071,SKU-1021,7,PRODUCTO AVERIADO
DEV-00581,26-04-2023,C-90096,SKU-1018,1,Error de despacho
DEV-00582,06/04/2026,C-01522,SKU-1136,2,Empaque defectuoso
DEV-00583,2023-10-26,C-02135,SKU-1058,2,Error de despacho
DEV-00584,2023-12-01,C-90073,SKU-1081,3,Producto averiado
DEV-00585,11-08-2025,C-00236,SKU-1035,6,Producto averiado
DEV-00586,2025-04-29,C-02056,SKU-1032,2,PRODUCTO AVERIADO
DEV-00587,2026-03-21,C-00440,SKU-1023,3,Error de despacho
DEV-00588,25-05-2024,C-01195,SKU-1085,1,averiado
DEV-00589,17/06/2024,C-90177,SKU-1005,8,Vencido
DEV-00590,2024-11-24,C-00206,SKU-1041,5,No solicitado
DEV-00591,2026-05-20,C-02350,SKU-1137,8,Vencido
DEV-00592,10/26/2023,C-90161,SKU-1073,7,Producto averiado
DEV-00593,2025-06-04,C-02327,SKU-1067,4,averiado
DEV-00594,2023-04-24,C-00880,SKU-1101,5,No solicitado
DEV-00595,2023-11-17,C-02161,SKU-1027,8,averiado
DEV-00596,27/06/2023,C-01407,SKU-1028,7,Empaque defectuoso
DEV-00597,12/10/2023,C-02215,SKU-1007,1,Vencido
DEV-00598,06/26/2023,C-01605,SKU-1053,8,Producto averiado
DEV-00599,2023-09-04,C-00726,SKU-1087,6,Empaque defectuoso
DEV-00600,2025-09-27,C-02142,SKU-1054,3,PRODUCTO AVERIADO
DEV-00601,2024-05-18,C-00161,SKU-1117,7,Producto averiado
DEV-00602,2023-07-08,C-00170,SKU-1085,3,Vencido
DEV-00603,2026-04-19,C-90104,SKU-1110,6,averiado
DEV-00604,10/07/2023,C-90117,SKU-1085,6,PRODUCTO AVERIADO
DEV-00605,11-02-2024,C-02052,SKU-1065,5,Vencido
DEV-00606,2026-01-01,C-00210,SKU-1085,3,Vencido
DEV-00607,22/06/2026,C-00273,SKU-1013,2,PRODUCTO AVERIADO
DEV-00608,2026-04-21,C-02255,SKU-1085,5,Producto averiado
DEV-00609,2024-08-22,C-00166,SKU-1036,6,averiado
DEV-00610,30/01/2024,C-90155,SKU-1146,1,No solicitado
DEV-00611,07/12/2023,C-00325,SKU-1129,7,Empaque defectuoso
DEV-00612,30-04-2026,C-00164,SKU-1106,6,averiado
DEV-00613,2026-02-18,C-01817,SKU-1085,2,No solicitado
DEV-00614,03/09/2024,C-00349,SKU-1089,6,No solicitado
DEV-00615,10/09/2025,C-00123,SKU-1085,4,averiado
DEV-00616,2024-05-28,C-00137,SKU-1085,7,PRODUCTO AVERIADO
DEV-00617,2025-05-20,C-00707,SKU-1081,4,No solicitado
DEV-00618,2024-08-27,C-01187,SKU-1085,7,Empaque defectuoso
DEV-00619,19/04/2024,C-00075,SKU-1065,7,Error de despacho
DEV-00620,2025-12-09,C-90021,SKU-1012,1,Vencido
DEV-00621,2023-03-30,C-00463,SKU-1085,4,Empaque defectuoso
DEV-00622,22/08/2023,C-00895,SKU-1007,1,averiado
DEV-00623,2023-12-05,C-00812,SKU-1093,4,No solicitado
DEV-00624,2025-06-02,C-90167,SKU-1089,6,Empaque defectuoso
DEV-00625,2024-10-06,C-00734,SKU-1108,3,PRODUCTO AVERIADO
DEV-00626,12/04/2024,C-00581,SKU-1064,2,Empaque defectuoso
DEV-00627,2023-09-08,C-01564,SKU-1120,5,Error de despacho
DEV-00628,2023-08-25,C-02000,SKU-1085,3,averiado
DEV-00629,2024-06-01,C-90050,SKU-1138,1,averiado
DEV-00630,04/02/2025,C-00596,SKU-1124,1,PRODUCTO AVERIADO
DEV-00631,2023-08-03,C-00426,SKU-1085,4,averiado
DEV-00632,03/01/2025,C-00979,SKU-1067,6,Empaque defectuoso
DEV-00633,2024-08-14,C-01866,SKU-1101,5,No solicitado
DEV-00634,24/10/2025,C-01402,SKU-1085,1,Empaque defectuoso
DEV-00635,05/12/2023,C-02305,SKU-1127,2,averiado
DEV-00636,2025-10-15,C-01375,SKU-1134,3,PRODUCTO AVERIADO
DEV-00637,28/01/2025,C-02138,SKU-1006,4,Vencido
DEV-00638,2023-06-12,C-01931,SKU-1059,1,Error de despacho
DEV-00639,2023-07-19,C-00138,SKU-1097,4,averiado
DEV-00640,29/04/2025,C-00622,SKU-1001,3,PRODUCTO AVERIADO
DEV-00641,26/07/2024,C-01657,SKU-1011,6,averiado
DEV-00642,2025-04-21,C-01113,SKU-1085,8,Producto averiado
DEV-00643,2025-09-10,C-00374,SKU-1004,5,averiado
DEV-00644,2023-08-10,C-01014,SKU-1103,2,Empaque defectuoso
DEV-00645,2023-11-27,C-00322,SKU-1122,3,Empaque defectuoso
DEV-00646,2024-05-10,C-02226,SKU-1068,2,averiado
DEV-00647,12/15/2023,C-02328,SKU-1085,7,averiado
DEV-00648,2023-01-11,C-00334,SKU-1085,1,No solicitado
DEV-00649,2024-09-13,C-00931,SKU-1022,7,Vencido
DEV-00650,2023-11-29,C-00492,SKU-1151,2,Vencido
DEV-00651,07-07-2024,C-02287,SKU-1005,1,No solicitado
DEV-00652,2026-04-27,C-01191,SKU-1094,6,Empaque defectuoso
DEV-00653,27/01/2024,C-02378,SKU-1135,7,No solicitado
DEV-00654,2025-07-19,C-00790,SKU-1085,5,Error de despacho
DEV-00655,12/05/2025,C-00195,SKU-1063,7,Empaque defectuoso
DEV-00656,2025-11-15,C-01480,SKU-1091,5,PRODUCTO AVERIADO
DEV-00657,2026-06-05,C-02300,SKU-1068,8,Vencido
DEV-00658,2023-05-26,C-00694,SKU-1085,3,Empaque defectuoso
DEV-00659,2024-02-06,C-01952,SKU-1110,8,averiado
DEV-00660,2023-09-04,C-02374,SKU-1100,4,Producto averiado
DEV-00661,2024-11-07,C-00746,SKU-1000,6,Error de despacho
DEV-00662,2023-11-12,C-01878,SKU-1124,1,averiado
DEV-00663,2024-02-24,C-02115,SKU-1085,8,Error de despacho
DEV-00664,01-08-2023,C-00897,SKU-1087,3,Empaque defectuoso
DEV-00665,01/12/2024,C-00792,SKU-1140,7,Producto averiado
DEV-00666,2023-09-28,C-01376,SKU-1085,6,No solicitado
DEV-00667,2025-06-24,C-90127,SKU-1008,8,Producto averiado
DEV-00668,2023-09-08,C-01305,SKU-1053,1,averiado
DEV-00669,23-12-2024,C-00387,SKU-1085,5,Vencido
DEV-00670,09/02/2026,C-00131,SKU-1092,2,Producto averiado
DEV-00671,26/05/2026,C-00680,SKU-1046,3,Error de despacho
DEV-00672,2024-08-10,C-00614,SKU-1018,4,Producto averiado
DEV-00673,2024-12-26,C-00716,SKU-1148,6,No solicitado
DEV-00674,2023-03-31,C-01084,SKU-1109,1,Vencido
DEV-00675,2023-09-30,C-00909,SKU-1051,8,Empaque defectuoso
DEV-00676,02/04/2026,C-00608,SKU-1040,5,Producto averiado
DEV-00677,2024-08-21,C-01946,SKU-1085,4,Vencido
DEV-00678,16/09/2025,C-00625,SKU-1069,2,PRODUCTO AVERIADO
DEV-00679,2025-07-10,C-00233,SKU-1028,1,Error de despacho
DEV-00680,04-07-2024,C-02364,SKU-1085,5,Error de despacho
DEV-00681,2026-01-28,C-01679,SKU-1047,3,averiado
DEV-00682,2024-09-03,C-01284,SKU-1045,4,No solicitado
DEV-00683,13/02/2026,C-02312,SKU-1006,3,PRODUCTO AVERIADO
DEV-00684,01/23/2026,C-01854,SKU-1114,3,Producto averiado
DEV-00685,03/10/2024,C-90147,SKU-1085,3,PRODUCTO AVERIADO
DEV-00686,2025-02-24,C-00278,SKU-1049,1,averiado
DEV-00687,2024-03-17,C-01885,SKU-1137,2,PRODUCTO AVERIADO
DEV-00688,2023-12-25,C-00581,SKU-1070,6,PRODUCTO AVERIADO
DEV-00689,09-05-2024,C-00255,SKU-1050,7,Error de despacho
DEV-00690,2026-04-17,C-01240,SKU-1115,8,Producto averiado
DEV-00691,2024-10-16,C-01346,SKU-1053,8,Error de despacho
DEV-00692,2024-05-16,C-02111,SKU-1107,7,Producto averiado
DEV-00693,17/12/2024,C-01576,SKU-1003,8,Vencido
DEV-00694,2023-01-30,C-90092,SKU-1017,2,PRODUCTO AVERIADO
DEV-00695,18/02/2023,C-00351,SKU-1018,2,averiado
DEV-00696,12-04-2026,C-00284,SKU-1002,2,PRODUCTO AVERIADO
DEV-00697,2024-04-06,C-00606,SKU-1106,6,Vencido
DEV-00698,18-09-2023,C-00220,SKU-1064,8,Producto averiado
DEV-00699,2025-12-20,C-01070,SKU-1085,3,Producto averiado
DEV-00700,29/07/2025,C-00066,SKU-1121,2,No solicitado
DEV-00701,25/08/2024,C-00351,SKU-1012,3,averiado
DEV-00702,2023-09-03,C-01440,SKU-1133,3,Producto averiado
DEV-00703,2026-02-26,C-01742,SKU-1085,4,averiado
DEV-00704,2024-11-15,C-01327,SKU-1067,6,PRODUCTO AVERIADO
DEV-00705,16/09/2024,C-02070,SKU-1085,3,No solicitado
DEV-00706,2025-04-25,C-01208,SKU-1085,8,Empaque defectuoso
DEV-00707,2025-08-24,C-02001,SKU-1095,2,averiado
DEV-00708,13/02/2026,C-01030,SKU-1139,7,Error de despacho
DEV-00709,01/07/2024,C-01607,SKU-1027,6,Error de despacho
DEV-00710,2025-12-21,C-00229,SKU-1129,4,Empaque defectuoso
DEV-00711,08/08/2025,C-02198,SKU-1139,8,averiado
DEV-00712,2025-04-20,C-00955,SKU-1037,4,Error de despacho
DEV-00713,2023-12-02,C-00590,SKU-1001,1,No solicitado
DEV-00714,2023-10-22,C-01881,SKU-1131,8,No solicitado
DEV-00715,2024-11-18,C-01234,SKU-1049,5,averiado
DEV-00716,2025-03-22,C-00191,SKU-1085,3,Producto averiado
DEV-00717,29/11/2024,C-00799,SKU-1005,5,averiado
DEV-00718,18-08-2023,C-02022,SKU-1106,4,No solicitado
DEV-00719,09/14/2024,C-90036,SKU-1085,8,averiado
DEV-00720,2023-06-02,C-00862,SKU-1041,2,No solicitado
DEV-00721,2024-07-13,C-00647,SKU-1085,8,Empaque defectuoso
DEV-00722,16-12-2024,C-01181,SKU-1085,2,Vencido
DEV-00723,2023-07-06,C-00135,SKU-1085,2,Error de despacho
DEV-00724,2024-12-25,C-90104,SKU-1085,1,Empaque defectuoso
DEV-00725,2023-05-04,C-02009,SKU-1085,3,Vencido
DEV-00726,2025-04-06,C-00606,SKU-1105,6,Empaque defectuoso
DEV-00727,02/01/2023,C-00200,SKU-1119,2,averiado
DEV-00728,2023-07-17,C-02088,SKU-1042,7,Vencido
DEV-00729,2025-06-01,C-00081,SKU-1061,2,Producto averiado
DEV-00730,2025-03-24,C-00506,SKU-1098,1,Vencido
DEV-00731,22-07-2025,C-00949,SKU-1085,2,Error de despacho
DEV-00732,22/03/2023,C-00342,SKU-1085,8,Empaque defectuoso
DEV-00733,2025-10-18,C-00279,SKU-1031,6,Producto averiado
DEV-00734,2023-05-06,C-00064,SKU-1025,7,averiado
DEV-00735,08-10-2025,C-01706,SKU-1074,1,PRODUCTO AVERIADO
DEV-00736,12/02/2023,C-01242,SKU-1144,6,averiado
DEV-00737,2025-10-02,C-01957,SKU-1085,3,averiado
DEV-00738,2023-11-27,C-00169,SKU-1124,8,No solicitado
DEV-00739,2026-05-07,C-01390,SKU-1105,7,averiado
DEV-00740,2024-01-04,C-01141,SKU-1087,1,averiado
DEV-00741,2024-07-02,C-01495,SKU-1118,5,Empaque defectuoso
DEV-00742,05-01-2026,C-00637,SKU-1000,2,Error de despacho
DEV-00743,2023-10-05,C-01774,SKU-1130,7,Empaque defectuoso
DEV-00744,16/02/2025,C-02046,SKU-1103,2,Producto averiado
DEV-00745,10/01/2026,C-00048,SKU-1085,1,Error de despacho
DEV-00746,2023-01-29,C-00318,SKU-1102,5,Error de despacho
DEV-00747,2023-04-04,C-00166,SKU-1115,2,Producto averiado
DEV-00748,01-07-2024,C-01674,SKU-1045,3,PRODUCTO AVERIADO
DEV-00749,18-12-2025,C-00060,SKU-1067,3,Vencido
DEV-00750,24/01/2026,C-00757,SKU-1068,4,No solicitado
DEV-00751,21-03-2024,C-01009,SKU-1085,6,Producto averiado
DEV-00752,2025-10-05,C-00179,SKU-1001,2,averiado
DEV-00753,30-05-2024,C-01197,SKU-1083,1,averiado
DEV-00754,08/01/2023,C-00892,SKU-1023,5,Error de despacho
DEV-00755,2025-03-17,C-00790,SKU-1085,2,PRODUCTO AVERIADO
DEV-00756,2023-08-02,C-00646,SKU-1085,6,averiado
DEV-00757,2025-03-02,C-00392,SKU-1053,2,Producto averiado
DEV-00758,2026-03-28,C-00528,SKU-1085,3,Vencido
DEV-00759,2024-08-03,C-00187,SKU-1014,1,Empaque defectuoso
DEV-00760,2024-03-03,C-01725,SKU-1133,2,PRODUCTO AVERIADO
DEV-00761,2024-06-16,C-02374,SKU-1148,8,Empaque defectuoso
DEV-00762,03/12/2026,C-00589,SKU-1024,1,Empaque defectuoso
DEV-00763,2025-03-07,C-00544,SKU-1133,2,PRODUCTO AVERIADO
DEV-00764,02-05-2023,C-01421,SKU-1085,1,Error de despacho
DEV-00765,19-04-2024,C-02110,SKU-1089,2,Error de despacho
DEV-00766,06-02-2025,C-01612,SKU-1008,1,averiado
DEV-00767,2025-10-26,C-00087,SKU-1085,1,No solicitado
DEV-00768,2023-01-01,C-01058,SKU-1085,3,averiado
DEV-00769,2025-07-11,C-01223,SKU-1085,7,No solicitado
DEV-00770,02/12/2025,C-00311,SKU-1074,5,Vencido
DEV-00771,2024-06-02,C-00089,SKU-1044,6,Producto averiado
DEV-00772,2025-11-02,C-90021,SKU-1107,5,No solicitado
DEV-00773,2023-03-06,C-01564,SKU-1091,8,Vencido
DEV-00774,14/11/2024,C-02336,SKU-1032,8,PRODUCTO AVERIADO
DEV-00775,27/04/2026,C-01024,SKU-1085,7,averiado
DEV-00776,28/11/2023,C-01719,SKU-1065,1,Empaque defectuoso
DEV-00777,22/06/2026,C-01847,SKU-1085,2,averiado
DEV-00778,2025-11-28,C-01388,SKU-1049,2,No solicitado
DEV-00779,27/02/2023,C-00513,SKU-1084,1,PRODUCTO AVERIADO
DEV-00780,2026-01-15,C-01260,SKU-1085,7,Vencido
DEV-00781,20/03/2025,C-01882,SKU-1085,8,Producto averiado
DEV-00782,2023-04-22,C-00196,SKU-1025,4,Producto averiado
DEV-00783,2023-09-30,C-90177,SKU-1054,3,Producto averiado
DEV-00784,11/09/2024,C-00516,SKU-1085,1,Error de despacho
DEV-00785,07/09/2023,C-00235,SKU-1009,5,Error de despacho
DEV-00786,18/04/2026,C-90177,SKU-1053,1,Producto averiado
DEV-00787,02/04/2024,C-02297,SKU-1003,1,Empaque defectuoso
DEV-00788,2026-06-15,C-01881,SKU-1067,3,Empaque defectuoso
DEV-00789,12/08/2024,C-00114,SKU-1085,4,Vencido
DEV-00790,2024-11-06,C-90031,SKU-1048,2,Producto averiado
DEV-00791,2024-05-12,C-02308,SKU-1085,4,Producto averiado
DEV-00792,2025-11-12,C-90007,SKU-1058,2,Producto averiado
DEV-00793,16/08/2025,C-01283,SKU-1085,1,Empaque defectuoso
DEV-00794,05/20/2026,C-01127,SKU-1085,5,Error de despacho
DEV-00795,06/17/2023,C-00666,SKU-1016,8,Empaque defectuoso
DEV-00796,2025-04-19,C-01805,SKU-1055,1,Vencido
DEV-00797,2025-01-02,C-01206,SKU-1058,4,Vencido
DEV-00798,2023-11-15,C-90152,SKU-1052,5,Producto averiado
DEV-00799,2024-06-01,C-00955,SKU-1125,6,averiado
DEV-00800,2024-04-27,C-00404,SKU-1085,2,PRODUCTO AVERIADO
DEV-00801,2024-05-26,C-01430,SKU-1058,7,Producto averiado
DEV-00802,2023-04-30,C-00560,SKU-1063,1,No solicitado
DEV-00803,22-11-2023,C-00692,SKU-1085,2,No solicitado
DEV-00804,2025-04-09,C-01906,SKU-1085,8,Vencido
DEV-00805,26/09/2024,C-00385,SKU-1085,8,Empaque defectuoso
DEV-00806,2023-04-08,C-01883,SKU-1024,8,Empaque defectuoso
DEV-00807,2024-04-27,C-01657,SKU-1146,2,Error de despacho
DEV-00808,2025-01-23,C-02206,SKU-1048,1,Vencido
DEV-00809,2026-03-08,C-00687,SKU-1113,8,Vencido
DEV-00810,2024-01-06,C-02011,SKU-1078,7,No solicitado
DEV-00811,2025-09-25,C-02008,SKU-1048,6,Error de despacho
DEV-00812,2024-02-26,C-00163,SKU-1140,1,Producto averiado
DEV-00813,2024-12-25,C-00674,SKU-1085,7,averiado
DEV-00814,16/04/2024,C-01304,SKU-1079,4,Producto averiado
DEV-00815,03/19/2023,C-00345,SKU-1108,5,Vencido
DEV-00816,11/07/2023,C-01179,SKU-1124,1,Empaque defectuoso
DEV-00817,03/02/2024,C-01681,SKU-1019,5,No solicitado
DEV-00818,2024-08-17,C-01679,SKU-1035,5,Empaque defectuoso
DEV-00819,11-01-2026,C-00909,SKU-1002,8,Vencido
DEV-00820,2024-06-19,C-01645,SKU-1145,8,Error de despacho
DEV-00821,23-10-2025,C-00186,SKU-1106,7,averiado
DEV-00822,23/01/2026,C-90104,SKU-1115,3,Vencido
DEV-00823,20/07/2025,C-01621,SKU-1145,3,Empaque defectuoso
DEV-00824,10/11/2025,C-01217,SKU-1085,3,No solicitado
DEV-00825,2025-03-30,C-00665,SKU-1007,2,Vencido
DEV-00826,11/04/2025,C-01617,SKU-1085,6,No solicitado
DEV-00827,26-06-2023,C-00439,SKU-1098,1,Producto averiado
DEV-00828,2024-01-28,C-00948,SKU-1085,5,Vencido
DEV-00829,2025-08-25,C-00986,SKU-1085,1,PRODUCTO AVERIADO
DEV-00830,2023-05-26,C-00247,SKU-1119,1,Empaque defectuoso
DEV-00831,04/01/2023,C-01462,SKU-1135,1,averiado
DEV-00832,2024-12-07,C-90157,SKU-1138,7,Error de despacho
DEV-00833,2023-04-26,C-00852,SKU-1004,4,averiado
DEV-00834,2025-04-28,C-01334,SKU-1069,1,averiado
DEV-00835,2026-02-14,C-01050,SKU-1005,4,No solicitado
DEV-00836,2026-05-11,C-00251,SKU-1054,8,Error de despacho
DEV-00837,2025-11-18,C-00198,SKU-1103,5,Error de despacho
DEV-00838,2024-08-19,C-02298,SKU-1090,5,Vencido
DEV-00839,2023-03-04,C-00577,SKU-1021,5,averiado
DEV-00840,14-03-2025,C-90109,SKU-1062,2,Producto averiado
DEV-00841,19/09/2023,C-01613,SKU-1061,3,No solicitado
DEV-00842,2023-07-03,C-01479,SKU-1085,3,averiado
DEV-00843,2024-01-20,C-00103,SKU-1091,5,Empaque defectuoso
DEV-00844,20/02/2023,C-00139,SKU-1081,1,Vencido
DEV-00845,18/12/2025,C-01685,SKU-1085,1,Vencido
DEV-00846,2023-02-13,C-01705,SKU-1114,8,Producto averiado
DEV-00847,02/03/2026,C-00546,SKU-1085,4,Vencido
DEV-00848,16-06-2024,C-01641,SKU-1078,7,Vencido
DEV-00849,2026-04-03,C-01079,SKU-1085,7,averiado
DEV-00850,12/10/2023,C-00993,SKU-1053,7,PRODUCTO AVERIADO
DEV-00851,2024-10-26,C-01964,SKU-1036,8,Empaque defectuoso
DEV-00852,2025-09-01,C-02090,SKU-1037,8,averiado
DEV-00853,28-03-2024,C-00464,SKU-1085,1,averiado
DEV-00854,24/02/2025,C-01397,SKU-1085,5,Vencido
DEV-00855,06/10/2025,C-00523,SKU-1022,2,Error de despacho
DEV-00856,24/03/2026,C-01112,SKU-1074,1,PRODUCTO AVERIADO
DEV-00857,2023-07-28,C-01690,SKU-1073,4,Error de despacho
DEV-00858,2024-11-23,C-02202,SKU-1129,2,PRODUCTO AVERIADO
DEV-00859,10/01/2026,C-01803,SKU-1061,3,averiado
DEV-00860,03/10/2024,C-00283,SKU-1136,7,Vencido
DEV-00861,2023-05-21,C-01561,SKU-1150,8,Error de despacho
DEV-00862,2025-12-09,C-02211,SKU-1085,7,Error de despacho
DEV-00863,14-02-2025,C-00346,SKU-1116,1,Vencido
DEV-00864,05/10/2025,C-00935,SKU-1105,8,No solicitado
DEV-00865,2024-05-07,C-01159,SKU-1024,2,Vencido
DEV-00866,31/10/2025,C-00414,SKU-1086,5,averiado
DEV-00867,15/12/2023,C-00675,SKU-1133,3,Empaque defectuoso
DEV-00868,01/06/2023,C-02271,SKU-1085,7,averiado
DEV-00869,2025-08-06,C-90121,SKU-1123,2,PRODUCTO AVERIADO
DEV-00870,2024-04-13,C-00609,SKU-1086,7,PRODUCTO AVERIADO
DEV-00871,08/11/2023,C-01714,SKU-1085,8,Error de despacho
DEV-00872,2024-07-21,C-02160,SKU-1131,3,Vencido
DEV-00873,2025-06-08,C-01489,SKU-1097,6,No solicitado
DEV-00874,2024-10-28,C-00982,SKU-1117,4,Empaque defectuoso
DEV-00875,2023-09-15,C-00202,SKU-1065,5,No solicitado
DEV-00876,2026-02-03,C-00604,SKU-1009,7,averiado
DEV-00877,2024-05-09,C-00028,SKU-1075,7,PRODUCTO AVERIADO
DEV-00878,28/03/2024,C-01281,SKU-1085,3,Empaque defectuoso
DEV-00879,2025-12-07,C-00389,SKU-1087,8,No solicitado
DEV-00880,2025-11-27,C-01323,SKU-1129,4,No solicitado
DEV-00881,19/01/2023,C-01174,SKU-1106,8,PRODUCTO AVERIADO
DEV-00882,2023-09-28,C-01330,SKU-1039,8,Vencido
DEV-00883,23/12/2024,C-90000,SKU-1052,1,Empaque defectuoso
DEV-00884,17/06/2024,C-00984,SKU-1129,4,PRODUCTO AVERIADO
DEV-00885,2024-06-17,C-00523,SKU-1035,5,No solicitado
DEV-00886,20-04-2024,C-02158,SKU-1124,4,Producto averiado
DEV-00887,14/01/2024,C-00859,SKU-1063,2,Empaque defectuoso
DEV-00888,04/09/2024,C-00387,SKU-1133,8,Empaque defectuoso
DEV-00889,2025-01-02,C-02181,SKU-1086,2,Producto averiado
DEV-00890,08-07-2023,C-00016,SKU-1141,1,averiado
DEV-00891,30/01/2025,C-01736,SKU-1009,3,averiado
DEV-00892,25-06-2025,C-00083,SKU-1085,2,No solicitado
DEV-00893,2025-07-16,C-00115,SKU-1040,5,No solicitado
DEV-00894,30/03/2024,C-01621,SKU-1044,1,averiado
DEV-00895,2024-09-30,C-02002,SKU-1085,4,averiado
DEV-00896,2024-04-19,C-00482,SKU-1080,7,Error de despacho
DEV-00897,30-04-2023,C-01278,SKU-1085,3,Vencido
DEV-00898,2025-11-19,C-01477,SKU-1141,4,No solicitado
DEV-00899,2024-05-29,C-01061,SKU-1123,6,Vencido
DEV-00900,08/09/2025,C-02375,SKU-1133,6,Empaque defectuoso
DEV-00901,2024-04-26,C-01557,SKU-1085,2,Vencido
DEV-00902,16/06/2025,C-01326,SKU-1049,8,Vencido
DEV-00903,11/21/2025,C-01371,SKU-1026,8,Producto averiado
DEV-00904,25/12/2025,C-01632,SKU-1057,7,No solicitado
DEV-00905,2024-06-27,C-01899,SKU-1085,3,No solicitado
DEV-00906,2025-06-20,C-01669,SKU-1085,3,PRODUCTO AVERIADO
DEV-00907,01-10-2025,C-01252,SKU-1032,5,averiado
DEV-00908,13-06-2023,C-00014,SKU-1023,3,Producto averiado
DEV-00909,24-01-2026,C-01578,SKU-1001,7,Producto averiado
DEV-00910,07/02/2023,C-01490,SKU-1085,7,PRODUCTO AVERIADO
DEV-00911,2023-02-07,C-00435,SKU-1119,6,averiado
DEV-00912,08/03/2023,C-01158,SKU-1056,1,Empaque defectuoso
DEV-00913,2024-06-04,C-01875,SKU-1053,8,Empaque defectuoso
DEV-00914,2023-04-07,C-00431,SKU-1085,3,Error de despacho
DEV-00915,2024-11-14,C-01755,SKU-1085,4,No solicitado
DEV-00916,28/04/2023,C-00703,SKU-1028,8,Vencido
DEV-00917,2023-03-03,C-02292,SKU-1113,4,No solicitado
DEV-00918,04/03/2024,C-01770,SKU-1081,8,averiado
DEV-00919,2026-06-11,C-90044,SKU-1068,7,Producto averiado
DEV-00920,08-10-2023,C-02221,SKU-1021,1,No solicitado
DEV-00921,2024-09-05,C-01164,SKU-1136,1,Empaque defectuoso
DEV-00922,2023-01-22,C-01245,SKU-1079,6,No solicitado
DEV-00923,06/06/2023,C-90127,SKU-1091,5,Producto averiado
DEV-00924,27/11/2025,C-00353,SKU-1085,6,Vencido
DEV-00925,2024-04-25,C-01957,SKU-1017,7,Vencido
DEV-00926,2024-06-01,C-90025,SKU-1034,6,No solicitado
DEV-00927,2025-08-20,C-00345,SKU-1023,4,averiado
DEV-00928,2025-02-19,C-01700,SKU-1085,2,Vencido
DEV-00929,10/02/2025,C-00992,SKU-1085,6,Producto averiado
DEV-00930,2023-06-03,C-02241,SKU-1005,7,Empaque defectuoso
DEV-00931,2023-05-24,C-90129,SKU-1070,5,Error de despacho
DEV-00932,17-08-2024,C-01883,SKU-1085,3,averiado
DEV-00933,2026-04-30,C-01966,SKU-1085,8,averiado
DEV-00934,16/10/2023,C-90129,SKU-1085,7,PRODUCTO AVERIADO
DEV-00935,2025-04-30,C-01693,SKU-1135,4,No solicitado
DEV-00936,2023-12-09,C-00535,SKU-1121,2,Error de despacho
DEV-00937,2026-04-27,C-01229,SKU-1053,2,Empaque defectuoso
DEV-00938,07/07/2025,C-01552,SKU-1085,6,averiado
DEV-00939,2023-06-10,C-00388,SKU-1007,4,Error de despacho
DEV-00940,11/08/2025,C-01544,SKU-1012,6,Error de despacho
DEV-00941,2023-12-20,C-01844,SKU-1139,5,Vencido
DEV-00942,18-03-2025,C-00755,SKU-1143,3,Producto averiado
DEV-00943,2026-06-08,C-00520,SKU-1032,6,Error de despacho
DEV-00944,24/06/2023,C-02102,SKU-1135,6,No solicitado
DEV-00945,2023-10-20,C-01370,SKU-1127,5,No solicitado
DEV-00946,20/07/2025,C-02027,SKU-1056,5,PRODUCTO AVERIADO
DEV-00947,30-06-2026,C-00559,SKU-1023,3,PRODUCTO AVERIADO
DEV-00948,2023-09-13,C-00105,SKU-1049,7,Vencido
DEV-00949,17-09-2023,C-00853,SKU-1084,7,PRODUCTO AVERIADO
DEV-00950,2025-10-03,C-01805,SKU-1015,5,Vencido
DEV-00951,19/09/2023,C-01785,SKU-1085,1,PRODUCTO AVERIADO
DEV-00952,2023-11-07,C-90158,SKU-1115,7,PRODUCTO AVERIADO
DEV-00953,07/02/2026,C-00247,SKU-1105,3,averiado
DEV-00954,15-07-2023,C-00537,SKU-1086,1,No solicitado
DEV-00955,2023-12-13,C-01425,SKU-1085,3,averiado
DEV-00956,2023-06-18,C-00697,SKU-1080,6,averiado
DEV-00957,14/03/2024,C-01885,SKU-1106,4,PRODUCTO AVERIADO
DEV-00958,22-03-2024,C-01404,SKU-1091,2,averiado
DEV-00959,07-07-2024,C-01397,SKU-1131,2,averiado
DEV-00960,07/03/2025,C-00662,SKU-1085,5,Error de despacho
DEV-00961,18/03/2025,C-01129,SKU-1002,6,Error de despacho
DEV-00962,2024-04-17,C-00158,SKU-1039,5,Error de despacho
DEV-00963,2026-01-22,C-00277,SKU-1137,3,Error de despacho
DEV-00964,2023-02-08,C-01493,SKU-1004,7,Error de despacho
DEV-00965,02/09/2024,C-02001,SKU-1063,7,Producto averiado
DEV-00966,26/01/2026,C-00961,SKU-1028,4,averiado
DEV-00967,2025-12-24,C-01558,SKU-1042,7,PRODUCTO AVERIADO
DEV-00968,06/10/2025,C-00301,SKU-1013,3,Producto averiado
DEV-00969,2025-02-27,C-02179,SKU-1085,5,No solicitado
DEV-00970,2025-07-02,C-00221,SKU-1069,2,Empaque defectuoso
DEV-00971,2025-05-09,C-01215,SKU-1065,5,Vencido
DEV-00972,2025-11-09,C-02231,SKU-1110,7,Error de despacho
DEV-00973,2023-12-20,C-01188,SKU-1085,6,PRODUCTO AVERIADO
DEV-00974,21-01-2025,C-02164,SKU-1085,7,Producto averiado
DEV-00975,2024-02-19,C-01616,SKU-1142,1,Vencido
DEV-00976,2024-11-21,C-01070,SKU-1085,1,Producto averiado
DEV-00977,2023-01-24,C-02345,SKU-1090,1,PRODUCTO AVERIADO
DEV-00978,2024-11-19,C-00440,SKU-1023,8,averiado
DEV-00979,2025-01-08,C-01597,SKU-1029,8,averiado
DEV-00980,25/06/2024,C-02102,SKU-1059,4,averiado
DEV-00981,01/11/2024,C-01551,SKU-1085,2,Error de despacho
DEV-00982,2023-03-25,C-02229,SKU-1043,3,PRODUCTO AVERIADO
DEV-00983,31-05-2024,C-00846,SKU-1089,7,Error de despacho
DEV-00984,10/11/2024,C-01264,SKU-1131,8,PRODUCTO AVERIADO
DEV-00985,2025-05-29,C-01526,SKU-1131,6,Empaque defectuoso
DEV-00986,2025-03-12,C-02071,SKU-1085,7,Error de despacho
DEV-00987,04/29/2026,C-00821,SKU-1110,4,averiado
DEV-00988,2024-09-29,C-01719,SKU-1112,3,No solicitado
DEV-00989,05-09-2024,C-90135,SKU-1147,5,No solicitado
DEV-00990,05-05-2023,C-02170,SKU-1083,4,PRODUCTO AVERIADO
DEV-00991,2026-01-12,C-01250,SKU-1140,8,Producto averiado
DEV-00992,2025-04-27,C-00665,SKU-1085,6,Producto averiado
DEV-00993,14/04/2026,C-01473,SKU-1085,4,No solicitado
DEV-00994,2025-04-15,C-00349,SKU-1139,2,Producto averiado
DEV-00995,02-11-2023,C-01208,SKU-1085,7,Empaque defectuoso
DEV-00996,2024-09-02,C-00562,SKU-1030,5,PRODUCTO AVERIADO
DEV-00997,2024-09-24,C-00146,SKU-1017,8,averiado
DEV-00998,11/18/2024,C-01839,SKU-1001,3,Producto averiado
DEV-00999,26-10-2023,C-90173,SKU-1118,3,Empaque defectuoso
DEV-01000,03/05/2025,C-01185,SKU-1085,6,Producto averiado
DEV-01001,2023-08-20,C-00527,SKU-1102,2,Error de despacho
DEV-01002,2024-05-28,C-00031,SKU-1079,8,Empaque defectuoso
DEV-01003,07/06/2026,C-00797,SKU-1019,6,No solicitado
DEV-01004,2024-03-06,C-01102,SKU-1118,8,Error de despacho
DEV-01005,2023-03-04,C-01274,SKU-1035,2,Vencido
DEV-01006,2024-06-09,C-00905,SKU-1010,3,Error de despacho
DEV-01007,2023-03-26,C-00121,SKU-1004,1,Producto averiado
DEV-01008,19-10-2024,C-00887,SKU-1085,7,Vencido
DEV-01009,2025-11-28,C-00365,SKU-1132,4,Empaque defectuoso
DEV-01010,2025-09-23,C-00370,SKU-1023,3,No solicitado
DEV-01011,05/08/2024,C-00651,SKU-1108,7,PRODUCTO AVERIADO
DEV-01012,2026-06-26,C-00876,SKU-1067,5,Producto averiado
DEV-01013,2024-01-23,C-02247,SKU-1117,6,PRODUCTO AVERIADO
DEV-01014,2023-02-02,C-01886,SKU-1085,6,Vencido
DEV-01015,2026-03-30,C-00041,SKU-1138,7,No solicitado
DEV-01016,11/26/2025,C-90050,SKU-1042,3,Empaque defectuoso
DEV-01017,15/06/2026,C-01330,SKU-1050,1,Vencido
DEV-01018,2026-06-23,C-90001,SKU-1044,6,Producto averiado
DEV-01019,2024-11-07,C-01562,SKU-1071,5,PRODUCTO AVERIADO
DEV-01020,2024-03-25,C-90011,SKU-1029,4,PRODUCTO AVERIADO
DEV-01021,2023-09-03,C-01739,SKU-1140,6,averiado
DEV-01022,10/10/2024,C-90146,SKU-1085,3,Error de despacho
DEV-01023,2024-05-26,C-00390,SKU-1116,8,Error de despacho
DEV-01024,20-02-2023,C-00955,SKU-1076,5,Empaque defectuoso
DEV-01025,2024-05-25,C-02329,SKU-1007,8,No solicitado
DEV-01026,25-09-2024,C-00148,SKU-1128,6,Vencido
DEV-01027,24/11/2023,C-90054,SKU-1147,3,averiado
DEV-01028,13-10-2023,C-00246,SKU-1100,2,PRODUCTO AVERIADO
DEV-01029,19-01-2024,C-02190,SKU-1133,4,averiado
DEV-01030,2025-03-13,C-01783,SKU-1085,7,No solicitado
DEV-01031,2023-11-27,C-00173,SKU-1003,8,No solicitado
DEV-01032,2023-10-27,C-00603,SKU-1085,7,Vencido
DEV-01033,2023-02-07,C-02183,SKU-1085,2,Error de despacho
DEV-01034,2024-01-18,C-00181,SKU-1085,2,Vencido
DEV-01035,24/09/2024,C-02354,SKU-1126,3,Vencido
DEV-01036,2024-07-04,C-02324,SKU-1085,3,Empaque defectuoso
DEV-01037,2026-04-19,C-90135,SKU-1091,6,Empaque defectuoso
DEV-01038,07/09/2023,C-01607,SKU-1134,6,Empaque defectuoso
DEV-01039,2026-05-07,C-01760,SKU-1085,4,averiado
DEV-01040,2026-03-01,C-90048,SKU-1138,7,PRODUCTO AVERIADO
DEV-01041,22-07-2024,C-00867,SKU-1148,8,Vencido
DEV-01042,23/04/2024,C-00891,SKU-1016,3,PRODUCTO AVERIADO
DEV-01043,03/08/2026,C-00712,SKU-1066,2,Error de despacho
DEV-01044,26/03/2025,C-00331,SKU-1133,8,Error de despacho
DEV-01045,22-11-2023,C-01509,SKU-1100,3,Error de despacho
DEV-01046,2025-04-03,C-00978,SKU-1123,3,Empaque defectuoso
DEV-01047,2024-08-08,C-00492,SKU-1071,1,Producto averiado
DEV-01048,2025-01-27,C-01763,SKU-1088,3,PRODUCTO AVERIADO
DEV-01049,2023-01-11,C-00410,SKU-1085,3,PRODUCTO AVERIADO
DEV-01050,15-10-2024,C-02100,SKU-1106,1,Empaque defectuoso
DEV-01051,09-11-2025,C-01079,SKU-1121,5,PRODUCTO AVERIADO
DEV-01052,2024-01-31,C-00511,SKU-1077,7,PRODUCTO AVERIADO
DEV-01053,2025-11-08,C-01812,SKU-1027,1,averiado
DEV-01054,2024-06-04,C-00614,SKU-1149,4,Error de despacho
DEV-01055,06/05/2023,C-02231,SKU-1085,4,Empaque defectuoso
DEV-01056,09/12/2023,C-01535,SKU-1007,6,Producto averiado
DEV-01057,2025-12-18,C-00442,SKU-1106,2,PRODUCTO AVERIADO
DEV-01058,2023-11-11,C-02098,SKU-1096,8,No solicitado
DEV-01059,2024-01-08,C-01569,SKU-1134,7,PRODUCTO AVERIADO
DEV-01060,2023-11-10,C-00319,SKU-1136,2,averiado
DEV-01061,2023-03-19,C-02001,SKU-1085,7,Empaque defectuoso
DEV-01062,2026-05-02,C-00965,SKU-1085,4,No solicitado
DEV-01063,09-01-2026,C-02203,SKU-1093,7,Producto averiado
DEV-01064,2023-05-19,C-00417,SKU-1085,2,Vencido
DEV-01065,2025-10-27,C-01307,SKU-1085,6,Empaque defectuoso
DEV-01066,2025-12-28,C-00601,SKU-1003,1,Error de despacho
DEV-01067,2025-05-23,C-01633,SKU-1079,7,averiado
DEV-01068,15/03/2025,C-01619,SKU-1126,4,Producto averiado
DEV-01069,2023-05-04,C-01755,SKU-1130,8,Error de despacho
DEV-01070,09/08/2023,C-01155,SKU-1085,6,PRODUCTO AVERIADO
DEV-01071,10/06/2025,C-01703,SKU-1003,2,Producto averiado
DEV-01072,2024-01-20,C-90083,SKU-1008,8,Error de despacho
DEV-01073,2026-02-23,C-01938,SKU-1085,7,Empaque defectuoso
DEV-01074,2024-04-02,C-90165,SKU-1109,4,Vencido
DEV-01075,01/27/2026,C-90114,SKU-1059,3,Vencido
DEV-01076,11/05/2024,C-00016,SKU-1010,4,Error de despacho
DEV-01077,22/05/2026,C-01478,SKU-1085,4,No solicitado
DEV-01078,2024-03-12,C-00240,SKU-1057,8,Empaque defectuoso
DEV-01079,31-08-2025,C-00157,SKU-1097,1,No solicitado
DEV-01080,2023-05-27,C-00873,SKU-1042,5,Vencido
DEV-01081,30/01/2023,C-00204,SKU-1090,7,Error de despacho
DEV-01082,2023-04-09,C-00026,SKU-1106,6,Producto averiado
DEV-01083,16/07/2023,C-01141,SKU-1094,3,Empaque defectuoso
DEV-01084,2025-02-28,C-01048,SKU-1085,6,Producto averiado
DEV-01085,2025-01-24,C-01074,SKU-1129,6,Error de despacho
DEV-01086,2024-02-14,C-02280,SKU-1140,2,PRODUCTO AVERIADO
DEV-01087,2026-04-18,C-01694,SKU-1006,3,No solicitado
DEV-01088,22-03-2023,C-01703,SKU-1146,3,averiado
DEV-01089,2025-05-18,C-02016,SKU-1012,3,Vencido
DEV-01090,2024-12-30,C-01177,SKU-1102,6,Vencido
DEV-01091,2024-05-18,C-02349,SKU-1014,6,averiado
DEV-01092,17-07-2025,C-00997,SKU-1085,3,Producto averiado
DEV-01093,2023-01-23,C-01266,SKU-1059,5,Error de despacho
DEV-01094,2024-02-09,C-01316,SKU-1085,1,averiado
DEV-01095,13-02-2024,C-02388,SKU-1106,8,Error de despacho
DEV-01096,06/04/2026,C-90161,SKU-1051,6,Empaque defectuoso
DEV-01097,2023-10-29,C-02329,SKU-1075,6,Empaque defectuoso
DEV-01098,2025-03-15,C-00990,SKU-1030,6,Error de despacho
DEV-01099,2026-06-09,C-00769,SKU-1085,3,No solicitado
DEV-01100,2024-02-24,C-01537,SKU-1027,1,PRODUCTO AVERIADO
DEV-01101,2026-01-06,C-01483,SKU-1063,5,averiado
DEV-01102,2026-04-10,C-90123,SKU-1085,2,Error de despacho
DEV-01103,2025-09-16,C-90159,SKU-1018,6,Error de despacho
DEV-01104,04/11/2025,C-00388,SKU-1059,6,Producto averiado
DEV-01105,2023-11-16,C-02085,SKU-1143,7,Empaque defectuoso
DEV-01106,2023-01-26,C-02015,SKU-1075,8,Empaque defectuoso
DEV-01107,2025-02-28,C-02138,SKU-1060,5,No solicitado
DEV-01108,2025-10-19,C-00831,SKU-1110,7,Vencido
DEV-01109,2024-11-05,C-01889,SKU-1111,2,Producto averiado
DEV-01110,2026-01-24,C-02384,SKU-1063,1,No solicitado
DEV-01111,2025-06-22,C-01291,SKU-1085,1,Empaque defectuoso
DEV-01112,30/06/2025,C-01101,SKU-1043,5,Empaque defectuoso
DEV-01113,2024-05-10,C-02200,SKU-1124,8,PRODUCTO AVERIADO
DEV-01114,04/02/2023,C-01433,SKU-1085,5,Error de despacho
DEV-01115,2023-06-12,C-02265,SKU-1083,5,PRODUCTO AVERIADO
DEV-01116,25-02-2026,C-00889,SKU-1085,3,No solicitado
DEV-01117,25/03/2025,C-00154,SKU-1108,7,Vencido
DEV-01118,19/06/2025,C-01146,SKU-1109,1,Vencido
DEV-01119,2025-06-05,C-00733,SKU-1106,3,No solicitado
DEV-01120,2025-07-22,C-90064,SKU-1049,3,Producto averiado
DEV-01121,2025-12-19,C-01855,SKU-1085,8,Empaque defectuoso
DEV-01122,2026-04-21,C-90156,SKU-1085,1,No solicitado
DEV-01123,2024-09-12,C-00191,SKU-1085,7,Empaque defectuoso
DEV-01124,21/05/2024,C-01149,SKU-1045,4,PRODUCTO AVERIADO
DEV-01125,2025-02-24,C-01410,SKU-1085,2,Empaque defectuoso
DEV-01126,30/11/2024,C-90068,SKU-1001,5,PRODUCTO AVERIADO
DEV-01127,11/07/2023,C-00255,SKU-1146,7,PRODUCTO AVERIADO
DEV-01128,28/02/2026,C-00135,SKU-1129,1,Producto averiado
DEV-01129,2026-01-03,C-00835,SKU-1085,2,Empaque defectuoso
DEV-01130,2024-11-08,C-01573,SKU-1122,3,Error de despacho
DEV-01131,2023-08-29,C-00452,SKU-1151,3,Error de despacho
DEV-01132,09/06/2023,C-02263,SKU-1085,3,PRODUCTO AVERIADO
DEV-01133,2026-06-14,C-00472,SKU-1008,1,Error de despacho
DEV-01134,07/09/2025,C-01306,SKU-1002,5,Empaque defectuoso
DEV-01135,2023-04-29,C-02012,SKU-1057,8,Error de despacho
DEV-01136,20/11/2025,C-01876,SKU-1033,1,averiado
DEV-01137,22-10-2023,C-00904,SKU-1019,4,No solicitado
DEV-01138,11-02-2025,C-00294,SKU-1083,3,PRODUCTO AVERIADO
DEV-01139,2025-06-23,C-01306,SKU-1085,6,No solicitado
DEV-01140,2026-03-01,C-00852,SKU-1132,8,Vencido
DEV-01141,2025-12-15,C-01246,SKU-1037,2,Empaque defectuoso
DEV-01142,08-04-2023,C-01107,SKU-1104,8,averiado
DEV-01143,2023-04-19,C-01691,SKU-1118,5,Error de despacho
DEV-01144,2023-12-25,C-01054,SKU-1050,5,Error de despacho
DEV-01145,27/12/2023,C-01185,SKU-1057,1,Error de despacho
DEV-01146,26/04/2023,C-00915,SKU-1023,5,Empaque defectuoso
DEV-01147,08/09/2025,C-00632,SKU-1085,5,No solicitado
DEV-01148,11/05/2024,C-02278,SKU-1063,5,No solicitado
DEV-01149,05/08/2025,C-00076,SKU-1082,8,Error de despacho
DEV-01150,2026-03-18,C-00017,SKU-1061,5,Empaque defectuoso
DEV-01151,2026-03-13,C-01960,SKU-1120,5,Producto averiado
DEV-01152,2026-02-01,C-01695,SKU-1085,6,Error de despacho
DEV-01153,01/19/2023,C-00557,SKU-1085,1,Vencido
DEV-01154,26/06/2025,C-02093,SKU-1072,1,Vencido
DEV-01155,09/02/2024,C-01156,SKU-1085,6,No solicitado
DEV-01156,17/11/2024,C-00101,SKU-1085,5,PRODUCTO AVERIADO
DEV-01157,21/05/2025,C-90090,SKU-1110,4,averiado
DEV-01158,2023-08-12,C-01012,SKU-1004,2,Error de despacho
DEV-01159,2024-07-10,C-00406,SKU-1084,1,Empaque defectuoso
DEV-01160,09-08-2023,C-00620,SKU-1086,8,PRODUCTO AVERIADO
DEV-01161,2023-03-29,C-01095,SKU-1027,7,Producto averiado
DEV-01162,10/11/2025,C-01479,SKU-1085,6,averiado
DEV-01163,29-09-2023,C-00707,SKU-1106,5,averiado
DEV-01164,2025-12-06,C-00171,SKU-1085,3,No solicitado
DEV-01165,2025-01-02,C-00336,SKU-1016,5,averiado
DEV-01166,17-06-2025,C-90001,SKU-1092,5,averiado
DEV-01167,05-11-2024,C-01375,SKU-1036,5,Vencido
DEV-01168,2026-06-01,C-00491,SKU-1040,7,PRODUCTO AVERIADO
DEV-01169,05/05/2025,C-90126,SKU-1085,2,Empaque defectuoso
DEV-01170,2026-05-17,C-02216,SKU-1028,7,Vencido
DEV-01171,2023-07-30,C-00462,SKU-1126,4,Vencido
DEV-01172,2026-05-22,C-01455,SKU-1010,6,No solicitado
DEV-01173,2024-03-19,C-00690,SKU-1085,7,Error de despacho
DEV-01174,26-01-2023,C-02167,SKU-1036,2,Producto averiado
DEV-01175,2023-06-16,C-00660,SKU-1022,5,Producto averiado
DEV-01176,2024-05-16,C-01763,SKU-1067,6,averiado
DEV-01177,2023-11-30,C-02358,SKU-1085,3,Vencido
DEV-01178,2024-05-17,C-01008,SKU-1076,1,Vencido
DEV-01179,08/06/2023,C-01967,SKU-1085,1,PRODUCTO AVERIADO
DEV-01180,2025-10-23,C-00093,SKU-1097,1,Empaque defectuoso
DEV-01181,2025-09-07,C-00019,SKU-1073,6,Vencido
DEV-01182,2024-08-04,C-00897,SKU-1100,4,Empaque defectuoso
DEV-01183,2024-07-12,C-01308,SKU-1085,6,Empaque defectuoso
DEV-01184,2024-11-22,C-00472,SKU-1106,3,Producto averiado
DEV-01185,2026-06-26,C-01152,SKU-1129,6,averiado
DEV-01186,13/02/2025,C-01420,SKU-1085,1,No solicitado
DEV-01187,10/05/2026,C-00027,SKU-1085,8,No solicitado
DEV-01188,2023-10-09,C-01964,SKU-1069,2,No solicitado
DEV-01189,2024-08-25,C-02238,SKU-1020,3,Producto averiado
DEV-01190,2025-06-15,C-01028,SKU-1039,1,Producto averiado
DEV-01191,2024-10-24,C-00453,SKU-1054,5,Producto averiado
DEV-01192,2025-09-16,C-01169,SKU-1001,4,Empaque defectuoso
DEV-01193,2025-06-30,C-02107,SKU-1037,3,Empaque defectuoso
DEV-01194,16/04/2025,C-00580,SKU-1110,7,No solicitado
DEV-01195,08/11/2025,C-00457,SKU-1003,3,No solicitado
DEV-01196,14/11/2025,C-90168,SKU-1110,3,Empaque defectuoso
DEV-01197,2023-02-23,C-90030,SKU-1106,3,averiado
DEV-01198,08-08-2023,C-01869,SKU-1085,4,PRODUCTO AVERIADO
DEV-01199,14/11/2023,C-01919,SKU-1038,5,Empaque defectuoso
DEV-01200,26-09-2024,C-02198,SKU-1107,4,Producto averiado
DEV-01201,2024-01-20,C-01499,SKU-1137,4,Error de despacho
DEV-01202,2023-01-17,C-90074,SKU-1144,6,Vencido
DEV-01203,13-08-2024,C-00992,SKU-1091,5,No solicitado
DEV-01204,2026-05-13,C-01018,SKU-1060,8,averiado
DEV-01205,17-02-2023,C-01550,SKU-1119,4,Vencido
DEV-01206,03-04-2025,C-01807,SKU-1102,2,PRODUCTO AVERIADO
DEV-01207,2025-05-12,C-01274,SKU-1052,5,averiado
DEV-01208,2025-09-22,C-02373,SKU-1136,4,No solicitado
DEV-01209,2024-11-16,C-01578,SKU-1085,4,Empaque defectuoso
DEV-01210,2025-07-23,C-00754,SKU-1000,2,Error de despacho
DEV-01211,03-10-2024,C-02174,SKU-1082,1,Producto averiado
DEV-01212,15/03/2024,C-01647,SKU-1135,1,PRODUCTO AVERIADO
DEV-01213,05/10/2024,C-01194,SKU-1136,1,Vencido
DEV-01214,2024-01-03,C-00836,SKU-1000,8,No solicitado
DEV-01215,2023-03-11,C-00976,SKU-1089,6,averiado
DEV-01216,2023-04-23,C-00801,SKU-1085,2,PRODUCTO AVERIADO
DEV-01217,2023-01-04,C-00596,SKU-1077,3,Producto averiado
DEV-01218,17-09-2023,C-01894,SKU-1091,5,Empaque defectuoso
DEV-01219,02/01/2023,C-00415,SKU-1000,4,Error de despacho
DEV-01220,10-11-2025,C-01684,SKU-1122,2,No solicitado
DEV-01221,24-06-2026,C-00803,SKU-1080,2,averiado
DEV-01222,20/03/2025,C-01316,SKU-1066,1,PRODUCTO AVERIADO
DEV-01223,09/21/2024,C-00870,SKU-1085,6,Vencido
DEV-01224,25/10/2023,C-00073,SKU-1085,4,PRODUCTO AVERIADO
DEV-01225,2026-05-05,C-00244,SKU-1085,4,Vencido
DEV-01226,2023-10-31,C-02388,SKU-1008,6,Vencido
DEV-01227,19/01/2024,C-02234,SKU-1085,6,Producto averiado
DEV-01228,2026-02-17,C-01625,SKU-1081,2,Vencido
DEV-01229,2023-01-31,C-01222,SKU-1108,3,averiado
DEV-01230,2023-03-15,C-02036,SKU-1020,4,No solicitado
DEV-01231,16/08/2025,C-01310,SKU-1081,7,Error de despacho
DEV-01232,2024-12-10,C-00021,SKU-1085,6,averiado
DEV-01233,06/12/2024,C-90008,SKU-1054,1,Producto averiado
DEV-01234,12/11/2024,C-01977,SKU-1063,7,Empaque defectuoso
DEV-01235,27/10/2023,C-01542,SKU-1085,1,Producto averiado
DEV-01236,26/05/2026,C-00675,SKU-1108,3,averiado
DEV-01237,04-11-2025,C-02194,SKU-1036,1,Producto averiado
DEV-01238,2026-03-21,C-00271,SKU-1079,3,averiado
DEV-01239,22/08/2025,C-02306,SKU-1085,8,Empaque defectuoso
DEV-01240,2024-12-14,C-00982,SKU-1117,1,Empaque defectuoso
DEV-01241,08/05/2023,C-00589,SKU-1085,2,Producto averiado
DEV-01242,01/10/2023,C-02399,SKU-1078,1,Producto averiado
DEV-01243,18-06-2024,C-01973,SKU-1148,3,No solicitado
DEV-01244,2025-01-21,C-01861,SKU-1106,3,Error de despacho
DEV-01245,2023-11-09,C-00862,SKU-1085,5,Vencido
DEV-01246,2026-01-04,C-00093,SKU-1003,3,Vencido
DEV-01247,06/05/2023,C-00634,SKU-1057,1,No solicitado
DEV-01248,2023-06-19,C-01855,SKU-1085,6,Producto averiado
DEV-01249,11/27/2023,C-00902,SKU-1085,8,Empaque defectuoso
DEV-01250,2024-12-08,C-00557,SKU-1015,4,PRODUCTO AVERIADO
DEV-01251,23/10/2025,C-01822,SKU-1090,5,averiado
DEV-01252,07/07/2024,C-00877,SKU-1125,4,averiado
DEV-01253,22/12/2023,C-00779,SKU-1033,8,Producto averiado
DEV-01254,13-11-2024,C-02008,SKU-1072,2,Vencido
DEV-01255,2025-08-28,C-00293,SKU-1113,3,No solicitado
DEV-01256,13/03/2026,C-01688,SKU-1109,7,No solicitado
DEV-01257,2023-09-30,C-02083,SKU-1085,6,Error de despacho
DEV-01258,30/06/2023,C-01971,SKU-1085,5,Error de despacho
DEV-01259,12/10/2025,C-02156,SKU-1129,4,Error de despacho
DEV-01260,04/09/2023,C-01754,SKU-1085,4,No solicitado
DEV-01261,2024-11-29,C-00691,SKU-1054,5,Error de despacho
DEV-01262,2025-03-28,C-02144,SKU-1026,7,Vencido
DEV-01263,2024-02-26,C-02179,SKU-1110,2,Empaque defectuoso
DEV-01264,2025-07-06,C-02100,SKU-1117,4,averiado
DEV-01265,2024-06-07,C-01361,SKU-1085,1,Empaque defectuoso
DEV-01266,2025-02-13,C-00427,SKU-1018,8,Producto averiado
DEV-01267,2025-10-03,C-02364,SKU-1074,7,No solicitado
DEV-01268,27/06/2024,C-00603,SKU-1071,2,No solicitado
DEV-01269,2023-01-15,C-02140,SKU-1085,4,Vencido
DEV-01270,03/01/2025,C-01708,SKU-1055,7,PRODUCTO AVERIADO
DEV-01271,27/05/2025,C-01732,SKU-1017,4,averiado
DEV-01272,2024-05-22,C-00454,SKU-1085,6,Empaque defectuoso
DEV-01273,2023-01-14,C-00254,SKU-1049,7,Vencido
DEV-01274,09-06-2025,C-01043,SKU-1085,5,Vencido
DEV-01275,22-02-2023,C-00752,SKU-1088,1,Vencido
DEV-01276,02/02/2026,C-00401,SKU-1024,5,Producto averiado
DEV-01277,2024-05-16,C-00068,SKU-1055,8,Producto averiado
DEV-01278,12/13/2025,C-00012,SKU-1029,8,Error de despacho
DEV-01279,2023-09-08,C-01580,SKU-1085,7,Error de despacho
DEV-01280,08-09-2023,C-00681,SKU-1010,3,averiado
DEV-01281,16-11-2023,C-02358,SKU-1122,5,PRODUCTO AVERIADO
DEV-01282,24/02/2026,C-02229,SKU-1019,1,Vencido
DEV-01283,2023-02-21,C-01649,SKU-1085,8,averiado
DEV-01284,2026-04-15,C-00029,SKU-1146,7,Producto averiado
DEV-01285,2023-07-18,C-00886,SKU-1027,4,No solicitado
DEV-01286,2024-02-09,C-01771,SKU-1148,7,Vencido
DEV-01287,07/12/2024,C-01201,SKU-1074,8,Empaque defectuoso
DEV-01288,2024-09-30,C-02389,SKU-1059,6,averiado
DEV-01289,2024-04-23,C-00993,SKU-1068,6,PRODUCTO AVERIADO
DEV-01290,13/07/2023,C-00808,SKU-1029,6,No solicitado
DEV-01291,2023-07-19,C-01213,SKU-1030,7,Empaque defectuoso
DEV-01292,2023-04-28,C-01588,SKU-1006,4,Empaque defectuoso
DEV-01293,30/06/2024,C-00900,SKU-1123,6,averiado
DEV-01294,2025-07-12,C-00821,SKU-1126,1,averiado
DEV-01295,2023-12-01,C-01035,SKU-1090,4,No solicitado
DEV-01296,2024-11-23,C-00698,SKU-1085,2,PRODUCTO AVERIADO
DEV-01297,2025-12-16,C-00857,SKU-1085,7,Empaque defectuoso
DEV-01298,2023-09-22,C-00395,SKU-1085,7,averiado
DEV-01299,2025-07-30,C-01119,SKU-1032,8,averiado
DEV-01300,2023-02-04,C-00947,SKU-1101,2,Vencido
DEV-01301,21-05-2026,C-01455,SKU-1138,5,Empaque defectuoso
DEV-01302,09/01/2025,C-00451,SKU-1122,8,Vencido
DEV-01303,2023-07-20,C-01163,SKU-1085,6,Vencido
DEV-01304,2025-06-16,C-01030,SKU-1085,7,Producto averiado
DEV-01305,2025-04-21,C-00436,SKU-1149,1,No solicitado
DEV-01306,2026-04-07,C-01674,SKU-1132,6,Empaque defectuoso
DEV-01307,04/19/2025,C-00572,SKU-1110,7,Empaque defectuoso
DEV-01308,29-12-2023,C-01969,SKU-1085,5,Error de despacho
DEV-01309,07/01/2024,C-01480,SKU-1090,1,averiado
DEV-01310,2025-06-03,C-01290,SKU-1130,6,Producto averiado
DEV-01311,2024-02-29,C-00009,SKU-1042,5,PRODUCTO AVERIADO
DEV-01312,09-08-2024,C-01655,SKU-1016,5,Error de despacho
DEV-01313,2024-05-11,C-01490,SKU-1085,2,No solicitado
DEV-01314,2024-01-13,C-01559,SKU-1085,5,Empaque defectuoso
DEV-01315,23/07/2025,C-01156,SKU-1051,4,Producto averiado
DEV-01316,2023-05-25,C-01902,SKU-1085,6,Vencido
DEV-01317,21-07-2024,C-02040,SKU-1085,6,Producto averiado
DEV-01318,2026-04-26,C-01143,SKU-1015,7,Producto averiado
DEV-01319,05/10/2026,C-00122,SKU-1130,6,Producto averiado
DEV-01320,23-02-2025,C-01439,SKU-1088,2,Producto averiado
DEV-01321,07/03/2025,C-01917,SKU-1101,6,Error de despacho
DEV-01322,29/04/2025,C-90033,SKU-1007,5,Producto averiado
DEV-01323,23/03/2026,C-02229,SKU-1144,4,No solicitado
DEV-01324,2026-06-13,C-01911,SKU-1115,1,Empaque defectuoso
DEV-01325,07/30/2023,C-02026,SKU-1085,7,Producto averiado
DEV-01326,2024-05-26,C-01376,SKU-1024,6,Error de despacho
DEV-01327,17-04-2026,C-01886,SKU-1110,5,Error de despacho
DEV-01328,2025-06-27,C-01982,SKU-1085,2,Empaque defectuoso
DEV-01329,2025-12-04,C-01087,SKU-1033,2,Error de despacho
DEV-01330,23/02/2026,C-01753,SKU-1085,4,Vencido
DEV-01331,02/05/2026,C-01160,SKU-1085,2,PRODUCTO AVERIADO
DEV-01332,2025-05-29,C-00922,SKU-1128,8,Vencido
DEV-01333,05-10-2023,C-00335,SKU-1046,1,averiado
DEV-01334,2025-09-12,C-01058,SKU-1085,5,PRODUCTO AVERIADO
DEV-01335,2023-01-06,C-01882,SKU-1040,8,Producto averiado
DEV-01336,27/07/2024,C-01992,SKU-1085,3,PRODUCTO AVERIADO
DEV-01337,2025-05-12,C-01043,SKU-1006,4,averiado
DEV-01338,05/09/2024,C-00147,SKU-1022,7,Producto averiado
DEV-01339,28/10/2025,C-00533,SKU-1030,8,averiado
DEV-01340,25-10-2025,C-01403,SKU-1085,8,Error de despacho
DEV-01341,20/04/2023,C-01964,SKU-1083,4,No solicitado
DEV-01342,04/23/2024,C-00970,SKU-1053,6,Producto averiado
DEV-01343,2024-06-02,C-00560,SKU-1000,7,Empaque defectuoso
DEV-01344,2023-10-31,C-00026,SKU-1130,3,Producto averiado
DEV-01345,11/19/2025,C-00670,SKU-1045,7,averiado
DEV-01346,2026-06-30,C-00946,SKU-1063,1,PRODUCTO AVERIADO
DEV-01347,24/06/2024,C-00671,SKU-1026,8,Producto averiado
DEV-01348,2025-01-15,C-01539,SKU-1048,4,Empaque defectuoso
DEV-01349,2025-01-24,C-01632,SKU-1035,1,Empaque defectuoso
DEV-01350,2023-06-29,C-00171,SKU-1008,6,Error de despacho
DEV-01351,28/05/2026,C-02040,SKU-1033,5,No solicitado
DEV-01352,03/08/2026,C-00070,SKU-1056,8,Empaque defectuoso
DEV-01353,13/06/2025,C-90021,SKU-1146,6,No solicitado
DEV-01354,2026-04-23,C-00952,SKU-1115,3,Producto averiado
DEV-01355,01/08/2025,C-00359,SKU-1060,8,PRODUCTO AVERIADO
DEV-01356,2024-07-09,C-02062,SKU-1119,1,Error de despacho
DEV-01357,19-04-2026,C-01405,SKU-1085,3,No solicitado
DEV-01358,08/08/2023,C-90066,SKU-1125,8,Empaque defectuoso
DEV-01359,2023-10-05,C-01475,SKU-1147,8,Error de despacho
DEV-01360,2026-06-13,C-02075,SKU-1024,4,No solicitado
DEV-01361,2024-06-09,C-90022,SKU-1145,6,Vencido
DEV-01362,2024-12-04,C-02172,SKU-1122,3,Producto averiado
DEV-01363,2025-06-24,C-01628,SKU-1135,2,Vencido
DEV-01364,2024-06-29,C-00587,SKU-1085,1,PRODUCTO AVERIADO
DEV-01365,07/12/2024,C-90045,SKU-1035,3,Producto averiado
DEV-01366,2023-12-06,C-00001,SKU-1106,1,averiado
DEV-01367,2025-02-21,C-02343,SKU-1014,2,PRODUCTO AVERIADO
DEV-01368,08/30/2025,C-90071,SKU-1101,3,Empaque defectuoso
DEV-01369,30-11-2023,C-02112,SKU-1009,1,Producto averiado
DEV-01370,06/11/2023,C-01518,SKU-1085,5,Producto averiado
DEV-01371,2023-12-13,C-01981,SKU-1085,7,Empaque defectuoso
DEV-01372,2023-05-06,C-01626,SKU-1020,1,Producto averiado
DEV-01373,11/03/2023,C-00747,SKU-1112,6,Error de despacho
DEV-01374,11/12/2025,C-00037,SKU-1121,8,PRODUCTO AVERIADO
DEV-01375,09/04/2025,C-01678,SKU-1122,8,PRODUCTO AVERIADO
DEV-01376,09/01/2024,C-01660,SKU-1114,6,Vencido
DEV-01377,15/03/2025,C-01015,SKU-1104,7,Empaque defectuoso
DEV-01378,16/05/2023,C-02349,SKU-1067,8,PRODUCTO AVERIADO
DEV-01379,2025-03-19,C-01834,SKU-1007,3,Vencido
DEV-01380,05-03-2025,C-02153,SKU-1113,8,Empaque defectuoso
DEV-01381,07/19/2025,C-00965,SKU-1022,7,Error de despacho
DEV-01382,2023-07-04,C-02023,SKU-1100,8,PRODUCTO AVERIADO
DEV-01383,2024-11-01,C-01058,SKU-1085,4,Vencido
DEV-01384,2026-04-15,C-02129,SKU-1120,5,PRODUCTO AVERIADO
DEV-01385,2024-11-15,C-01378,SKU-1080,6,Producto averiado
DEV-01386,2026-03-07,C-00352,SKU-1072,5,Vencido
DEV-01387,21/03/2023,C-01327,SKU-1085,1,averiado
DEV-01388,2024-02-09,C-00730,SKU-1009,1,No solicitado
DEV-01389,2026-02-21,C-00366,SKU-1070,1,averiado
DEV-01390,2024-08-23,C-01003,SKU-1031,5,averiado
DEV-01391,2023-11-25,C-00516,SKU-1009,7,No solicitado
DEV-01392,06/06/2026,C-01019,SKU-1023,4,No solicitado
DEV-01393,2023-02-16,C-01690,SKU-1129,5,averiado
DEV-01394,2026-05-09,C-02167,SKU-1038,1,PRODUCTO AVERIADO
DEV-01395,07/17/2025,C-01580,SKU-1149,7,averiado
DEV-01396,12/03/2023,C-01359,SKU-1085,6,Error de despacho
DEV-01397,2024-08-16,C-00703,SKU-1085,1,PRODUCTO AVERIADO
DEV-01398,2025-07-12,C-00989,SKU-1085,1,No solicitado
DEV-01399,19/04/2024,C-00737,SKU-1085,7,Vencido
DEV-01400,2023-08-22,C-02088,SKU-1085,1,Error de despacho
DEV-01401,2023-04-20,C-90013,SKU-1085,3,Empaque defectuoso
DEV-01402,2025-05-25,C-01123,SKU-1018,1,Empaque defectuoso
DEV-01403,22/10/2023,C-02298,SKU-1132,6,Vencido
DEV-01404,2025-08-09,C-00246,SKU-1128,4,Vencido
DEV-01405,03/06/2024,C-01756,SKU-1088,8,Error de despacho
DEV-01406,2025-03-29,C-01191,SKU-1031,8,Empaque defectuoso
DEV-01407,01/11/2024,C-01553,SKU-1133,8,Error de despacho
DEV-01408,19/02/2024,C-00826,SKU-1085,8,Producto averiado
DEV-01409,2024-08-11,C-01285,SKU-1012,8,Vencido
DEV-01410,2024-12-21,C-01150,SKU-1108,5,No solicitado
DEV-01411,2024-01-04,C-00356,SKU-1060,3,No solicitado
DEV-01412,2025-11-17,C-00596,SKU-1085,1,Error de despacho
DEV-01413,2026-02-16,C-01133,SKU-1085,1,Error de despacho
DEV-01414,2024-03-03,C-00613,SKU-1085,3,Empaque defectuoso
DEV-01415,08/06/2024,C-00394,SKU-1124,3,No solicitado
DEV-01416,29-04-2026,C-01218,SKU-1079,7,averiado
DEV-01417,03/04/2024,C-00746,SKU-1047,3,PRODUCTO AVERIADO
DEV-01418,25/05/2026,C-01888,SKU-1144,7,PRODUCTO AVERIADO
DEV-01419,2023-05-27,C-01084,SKU-1085,5,Producto averiado
DEV-01420,2023-11-03,C-01448,SKU-1028,3,No solicitado
DEV-01421,21-05-2026,C-01996,SKU-1085,8,Empaque defectuoso
DEV-01422,04/26/2025,C-00678,SKU-1015,2,averiado
DEV-01423,05/05/2023,C-00548,SKU-1072,4,averiado
DEV-01424,01-07-2023,C-02055,SKU-1032,1,No solicitado
DEV-01425,09-05-2023,C-01929,SKU-1085,5,Vencido
DEV-01426,2025-04-03,C-01659,SKU-1122,3,PRODUCTO AVERIADO
DEV-01427,2025-10-30,C-01185,SKU-1010,1,Vencido
DEV-01428,2026-04-17,C-90108,SKU-1051,3,Error de despacho
DEV-01429,05-05-2023,C-00694,SKU-1120,3,Producto averiado
DEV-01430,2026-05-12,C-01274,SKU-1002,6,Error de despacho
DEV-01431,2025-03-27,C-00426,SKU-1020,7,Producto averiado
DEV-01432,2024-01-18,C-00242,SKU-1106,8,Error de despacho
DEV-01433,22-09-2025,C-90067,SKU-1085,2,Producto averiado
DEV-01434,18/08/2024,C-00606,SKU-1085,7,Vencido
DEV-01435,2025-02-26,C-00030,SKU-1034,7,Producto averiado
DEV-01436,20-10-2025,C-00486,SKU-1087,1,Error de despacho
DEV-01437,2024-09-27,C-02274,SKU-1124,4,PRODUCTO AVERIADO
DEV-01438,2023-01-09,C-00683,SKU-1071,5,Empaque defectuoso
DEV-01439,09/04/2025,C-01896,SKU-1076,4,No solicitado
DEV-01440,27/04/2025,C-00124,SKU-1125,1,Error de despacho
DEV-01441,21/05/2025,C-00862,SKU-1085,3,Vencido
DEV-01442,2024-08-29,C-00222,SKU-1119,7,PRODUCTO AVERIADO
DEV-01443,2025-06-19,C-01856,SKU-1135,7,Vencido
DEV-01444,16/05/2024,C-00281,SKU-1141,3,PRODUCTO AVERIADO
DEV-01445,2026-05-01,C-01068,SKU-1144,7,PRODUCTO AVERIADO
DEV-01446,2025-06-11,C-90046,SKU-1117,1,averiado
DEV-01447,28/06/2023,C-00893,SKU-1085,8,No solicitado
DEV-01448,2023-08-29,C-00913,SKU-1062,5,Empaque defectuoso
DEV-01449,2023-05-31,C-01865,SKU-1057,3,averiado
DEV-01450,03/10/2024,C-01121,SKU-1070,2,No solicitado
DEV-01451,2024-07-30,C-90151,SKU-1046,3,Vencido
DEV-01452,2026-03-25,C-01776,SKU-1108,8,Empaque defectuoso
DEV-01453,2025-11-13,C-00317,SKU-1057,4,averiado
DEV-01454,03/08/2025,C-01543,SKU-1085,3,Empaque defectuoso
DEV-01455,24-04-2024,C-01499,SKU-1085,6,averiado
DEV-01456,20/03/2023,C-00511,SKU-1104,5,Empaque defectuoso
DEV-01457,2024-09-12,C-00542,SKU-1054,2,Vencido
DEV-01458,27/05/2024,C-00141,SKU-1122,8,Empaque defectuoso
DEV-01459,03/02/2025,C-00752,SKU-1003,3,Producto averiado
DEV-01460,2025-04-19,C-01088,SKU-1018,7,Producto averiado
DEV-01461,2024-07-04,C-00664,SKU-1085,5,PRODUCTO AVERIADO
DEV-01462,13/04/2023,C-02012,SKU-1085,8,No solicitado
DEV-01463,2026-03-10,C-00934,SKU-1006,1,Empaque defectuoso
DEV-01464,10-07-2025,C-01056,SKU-1042,2,No solicitado
DEV-01465,2025-10-08,C-00781,SKU-1089,5,Producto averiado
DEV-01466,2025-08-01,C-01144,SKU-1085,4,Empaque defectuoso
DEV-01467,21/02/2026,C-02342,SKU-1085,5,Producto averiado
DEV-01468,2025-06-17,C-01017,SKU-1065,5,PRODUCTO AVERIADO
DEV-01469,04/15/2024,C-01325,SKU-1087,7,Error de despacho
DEV-01470,24-04-2026,C-00311,SKU-1033,1,Empaque defectuoso
DEV-01471,2025-07-08,C-00665,SKU-1036,8,Error de despacho
DEV-01472,2023-11-14,C-01052,SKU-1150,4,PRODUCTO AVERIADO
DEV-01473,2025-05-04,C-01964,SKU-1085,8,No solicitado
DEV-01474,2025-03-07,C-90106,SKU-1106,5,PRODUCTO AVERIADO
DEV-01475,06/01/2026,C-02341,SKU-1132,3,PRODUCTO AVERIADO
DEV-01476,2023-12-06,C-90119,SKU-1062,7,No solicitado
DEV-01477,07/31/2023,C-00887,SKU-1011,2,Empaque defectuoso
DEV-01478,2025-05-29,C-02265,SKU-1085,3,Empaque defectuoso
DEV-01479,08-01-2026,C-01672,SKU-1113,3,averiado
DEV-01480,2025-03-07,C-00160,SKU-1110,4,Vencido
DEV-01481,2026-05-04,C-01807,SKU-1085,2,Producto averiado
DEV-01482,2023-06-27,C-01518,SKU-1019,6,Empaque defectuoso
DEV-01483,2024-05-10,C-01288,SKU-1071,5,Vencido
DEV-01484,26/05/2023,C-01003,SKU-1085,3,No solicitado
DEV-01485,24/08/2023,C-02002,SKU-1085,8,Error de despacho
DEV-01486,2024-02-20,C-01115,SKU-1150,4,Vencido
DEV-01487,2024-02-08,C-00795,SKU-1119,4,Vencido
DEV-01488,2025-03-13,C-00669,SKU-1026,2,averiado
DEV-01489,2024-08-08,C-01940,SKU-1022,5,PRODUCTO AVERIADO
DEV-01490,2025-11-26,C-01243,SKU-1096,8,Error de despacho
DEV-01491,27/11/2025,C-00051,SKU-1143,3,No solicitado
DEV-01492,2025-07-25,C-00493,SKU-1128,7,Empaque defectuoso
DEV-01493,17-05-2023,C-01838,SKU-1123,8,Vencido
DEV-01494,2024-08-18,C-00053,SKU-1036,8,averiado
DEV-01495,2024-05-29,C-00969,SKU-1142,3,Error de despacho
DEV-01496,13/11/2024,C-02364,SKU-1046,3,Vencido
DEV-01497,12/07/2024,C-01248,SKU-1062,4,averiado
DEV-01498,30/09/2025,C-00684,SKU-1062,1,Producto averiado
DEV-01499,2024-02-11,C-01942,SKU-1043,7,PRODUCTO AVERIADO
DEV-01500,2023-06-16,C-00821,SKU-1075,2,Error de despacho
DEV-01501,2024-04-14,C-01043,SKU-1095,5,Error de despacho
DEV-01502,2024-10-26,C-00522,SKU-1085,1,averiado
DEV-01503,2023-10-20,C-00413,SKU-1123,2,PRODUCTO AVERIADO
DEV-01504,2023-11-03,C-02147,SKU-1085,4,Empaque defectuoso
DEV-01505,2024-11-21,C-00157,SKU-1019,2,Producto averiado
DEV-01506,01/04/2024,C-00396,SKU-1085,8,Error de despacho
DEV-01507,05/09/2024,C-02197,SKU-1048,7,averiado
DEV-01508,2024-01-25,C-00905,SKU-1085,1,averiado
DEV-01509,2023-02-01,C-00691,SKU-1045,4,No solicitado
DEV-01510,2024-02-15,C-01672,SKU-1025,2,averiado
DEV-01511,2024-10-17,C-01439,SKU-1097,4,Producto averiado
DEV-01512,2025-03-05,C-02177,SKU-1047,8,Error de despacho
DEV-01513,02/02/2023,C-02222,SKU-1085,2,averiado
DEV-01514,2023-09-12,C-00613,SKU-1052,5,averiado
DEV-01515,2026-04-28,C-00128,SKU-1011,5,PRODUCTO AVERIADO
DEV-01516,23/01/2024,C-02020,SKU-1085,2,Vencido
DEV-01517,2024-09-01,C-02367,SKU-1147,7,No solicitado
DEV-01518,2026-03-31,C-01624,SKU-1005,5,Error de despacho
DEV-01519,2024-01-02,C-01799,SKU-1122,4,Producto averiado
DEV-01520,2024-09-07,C-01296,SKU-1028,5,PRODUCTO AVERIADO
DEV-01521,2023-10-07,C-01992,SKU-1085,2,averiado
DEV-01522,2023-04-03,C-01879,SKU-1123,3,Vencido
DEV-01523,2024-05-27,C-00817,SKU-1085,2,averiado
DEV-01524,11/23/2023,C-00752,SKU-1103,4,averiado
DEV-01525,17/08/2024,C-02089,SKU-1097,3,averiado
DEV-01526,2025-11-16,C-02019,SKU-1085,2,Error de despacho
DEV-01527,2025-07-13,C-01430,SKU-1000,1,Error de despacho
DEV-01528,2023-06-29,C-90062,SKU-1052,4,Producto averiado
DEV-01529,2024-12-12,C-01719,SKU-1085,6,averiado
DEV-01530,2024-03-10,C-00084,SKU-1085,1,No solicitado
DEV-01531,15/01/2024,C-00092,SKU-1021,7,Vencido
DEV-01532,10/06/2026,C-01236,SKU-1075,6,PRODUCTO AVERIADO
DEV-01533,2026-03-25,C-00144,SKU-1024,5,Vencido
DEV-01534,2025-01-29,C-00893,SKU-1025,5,Vencido
DEV-01535,01-11-2025,C-02253,SKU-1025,6,Producto averiado
DEV-01536,24/06/2024,C-01175,SKU-1104,3,Error de despacho
DEV-01537,08-07-2023,C-01122,SKU-1074,6,Vencido
DEV-01538,24-06-2023,C-01310,SKU-1144,6,Vencido
DEV-01539,2025-08-02,C-00092,SKU-1010,3,averiado
DEV-01540,2025-10-27,C-02222,SKU-1014,2,Producto averiado
DEV-01541,10/07/2023,C-02122,SKU-1103,7,averiado
DEV-01542,03/29/2026,C-00403,SKU-1007,8,averiado
DEV-01543,2024-03-04,C-02324,SKU-1085,8,Error de despacho
DEV-01544,2025-05-19,C-01873,SKU-1112,1,averiado
DEV-01545,08/06/2024,C-00028,SKU-1094,3,Producto averiado
DEV-01546,2025-03-03,C-00943,SKU-1067,8,Empaque defectuoso
DEV-01547,2024-01-29,C-01514,SKU-1085,1,Vencido
DEV-01548,2023-07-16,C-02318,SKU-1035,5,Producto averiado
DEV-01549,2023-07-04,C-00836,SKU-1047,7,No solicitado
DEV-01550,2025-12-18,C-01286,SKU-1106,6,Empaque defectuoso
DEV-01551,2025-10-07,C-90055,SKU-1080,8,averiado
DEV-01552,25/07/2025,C-00660,SKU-1085,3,averiado
DEV-01553,2023-10-20,C-00048,SKU-1117,3,Empaque defectuoso
DEV-01554,2024-12-26,C-00736,SKU-1086,3,Error de despacho
DEV-01555,2025-01-11,C-01647,SKU-1141,5,Empaque defectuoso
DEV-01556,2023-07-07,C-00202,SKU-1126,3,Vencido
DEV-01557,2025-04-05,C-01572,SKU-1086,4,Producto averiado
DEV-01558,2024-10-15,C-01311,SKU-1106,4,PRODUCTO AVERIADO
DEV-01559,2025-09-27,C-01398,SKU-1133,1,averiado
DEV-01560,2025-02-19,C-00883,SKU-1067,6,Empaque defectuoso
DEV-01561,2023-10-23,C-01525,SKU-1067,7,No solicitado
DEV-01562,05-06-2025,C-01697,SKU-1082,6,No solicitado
DEV-01563,16/02/2023,C-01873,SKU-1146,2,No solicitado
DEV-01564,2025-07-08,C-90124,SKU-1014,1,No solicitado
DEV-01565,16/01/2026,C-00380,SKU-1085,2,Producto averiado
DEV-01566,2024-07-15,C-00559,SKU-1095,1,Error de despacho
DEV-01567,09-03-2024,C-01682,SKU-1042,8,PRODUCTO AVERIADO
DEV-01568,2024-01-11,C-00191,SKU-1083,1,Producto averiado
DEV-01569,2024-09-21,C-01216,SKU-1039,8,Error de despacho
DEV-01570,2024-07-31,C-01201,SKU-1099,8,Producto averiado
DEV-01571,2024-05-19,C-01242,SKU-1085,5,averiado
DEV-01572,2025-09-23,C-00317,SKU-1109,3,PRODUCTO AVERIADO
DEV-01573,20-01-2024,C-00085,SKU-1129,1,Producto averiado
DEV-01574,2023-05-23,C-01509,SKU-1136,7,Error de despacho
DEV-01575,10-07-2023,C-00040,SKU-1085,6,Error de despacho
DEV-01576,19/02/2026,C-00306,SKU-1031,2,PRODUCTO AVERIADO
DEV-01577,2025-03-25,C-00700,SKU-1013,6,Vencido
DEV-01578,2026-04-18,C-01697,SKU-1085,2,Vencido
DEV-01579,22-01-2026,C-00029,SKU-1120,8,Empaque defectuoso
DEV-01580,2025-09-26,C-00260,SKU-1053,4,Empaque defectuoso
DEV-01581,22-03-2023,C-02314,SKU-1077,4,Vencido
DEV-01582,2026-06-04,C-02146,SKU-1042,5,Producto averiado
DEV-01583,2024-05-07,C-01324,SKU-1085,6,Error de despacho
DEV-01584,21-03-2023,C-01113,SKU-1050,6,PRODUCTO AVERIADO
DEV-01585,2024-07-16,C-00168,SKU-1013,7,Error de despacho
DEV-01586,2023-04-16,C-01939,SKU-1028,1,averiado
DEV-01587,13-02-2026,C-02331,SKU-1085,4,Error de despacho
DEV-01588,2025-10-16,C-01699,SKU-1032,8,Vencido
DEV-01589,06/04/2026,C-02156,SKU-1085,3,Vencido
DEV-01590,2024-07-28,C-01272,SKU-1096,7,Producto averiado
DEV-01591,16/04/2023,C-00847,SKU-1005,2,Vencido
DEV-01592,2024-12-22,C-90000,SKU-1087,3,Empaque defectuoso
DEV-01593,2025-03-07,C-01224,SKU-1040,6,averiado
DEV-01594,2025-02-26,C-00795,SKU-1029,5,No solicitado
DEV-01595,10-06-2024,C-01246,SKU-1123,1,Producto averiado
DEV-01596,2025-06-25,C-02120,SKU-1085,7,Error de despacho
DEV-01597,2023-02-09,C-90125,SKU-1069,2,averiado
DEV-01598,01/04/2024,C-00791,SKU-1101,5,No solicitado
DEV-01599,2024-01-09,C-01316,SKU-1057,1,Error de despacho
DEV-01600,2024-08-16,C-00574,SKU-1085,1,No solicitado
DEV-01601,11/03/2025,C-00530,SKU-1125,6,averiado
DEV-01602,2023-01-05,C-01477,SKU-1085,3,averiado
DEV-01603,03/12/2024,C-01933,SKU-1085,6,PRODUCTO AVERIADO
DEV-01604,2023-03-06,C-01160,SKU-1085,6,PRODUCTO AVERIADO
DEV-01605,2025-08-21,C-00493,SKU-1008,5,PRODUCTO AVERIADO
DEV-01606,03-03-2024,C-90054,SKU-1050,5,Empaque defectuoso
DEV-01607,02/05/2024,C-00243,SKU-1037,2,Vencido
DEV-01608,2026-02-16,C-00234,SKU-1038,4,No solicitado
DEV-01609,2025-12-04,C-01791,SKU-1104,3,Empaque defectuoso
DEV-01610,04-04-2026,C-02007,SKU-1088,5,Producto averiado
DEV-01611,2024-03-12,C-01879,SKU-1082,6,Producto averiado
DEV-01612,2025-12-23,C-00275,SKU-1092,1,Error de despacho
DEV-01613,2025-06-19,C-02100,SKU-1085,2,Vencido
DEV-01614,26/11/2025,C-01847,SKU-1100,1,Error de despacho
DEV-01615,2025-11-28,C-02102,SKU-1115,1,PRODUCTO AVERIADO
DEV-01616,2025-10-11,C-00822,SKU-1069,3,No solicitado
DEV-01617,2026-04-07,C-00902,SKU-1067,2,Vencido
DEV-01618,2025-08-10,C-01039,SKU-1085,6,Empaque defectuoso
DEV-01619,17-03-2023,C-00794,SKU-1085,5,Error de despacho
DEV-01620,11/06/2025,C-01204,SKU-1085,6,Error de despacho
DEV-01621,2025-04-28,C-01521,SKU-1135,8,No solicitado
DEV-01622,2023-03-27,C-01108,SKU-1085,2,averiado
DEV-01623,06/03/2024,C-01486,SKU-1085,6,No solicitado
DEV-01624,2026-03-03,C-01973,SKU-1025,6,Error de despacho
DEV-01625,2023-11-04,C-00391,SKU-1122,8,Producto averiado
DEV-01626,28/01/2025,C-90086,SKU-1085,3,Producto averiado
DEV-01627,27/10/2025,C-01616,SKU-1052,5,Producto averiado
DEV-01628,2024-01-07,C-00378,SKU-1121,2,averiado
DEV-01629,2025-05-18,C-02165,SKU-1062,7,averiado
DEV-01630,2026-03-20,C-01475,SKU-1085,6,No solicitado
DEV-01631,2024-01-04,C-01756,SKU-1085,4,Vencido
DEV-01632,04/27/2024,C-01893,SKU-1006,6,Empaque defectuoso
DEV-01633,12-02-2023,C-01645,SKU-1045,3,averiado
DEV-01634,2023-06-14,C-00066,SKU-1001,6,Empaque defectuoso
DEV-01635,01/31/2023,C-01274,SKU-1035,7,Empaque defectuoso
DEV-01636,04/15/2023,C-01923,SKU-1085,3,PRODUCTO AVERIADO
DEV-01637,2023-09-12,C-01012,SKU-1085,5,Error de despacho
DEV-01638,01-06-2024,C-01722,SKU-1085,5,Vencido
DEV-01639,27/09/2025,C-00161,SKU-1085,7,Vencido
DEV-01640,2026-05-25,C-00694,SKU-1129,3,No solicitado
DEV-01641,2026-02-15,C-01594,SKU-1023,7,No solicitado
DEV-01642,2026-06-04,C-00506,SKU-1014,8,Producto averiado
DEV-01643,22-11-2025,C-02001,SKU-1019,4,No solicitado
DEV-01644,2025-07-21,C-00675,SKU-1091,4,PRODUCTO AVERIADO
DEV-01645,2023-09-07,C-90092,SKU-1125,2,Producto averiado
DEV-01646,2025-09-09,C-01554,SKU-1000,6,Vencido
DEV-01647,2025-05-09,C-90053,SKU-1073,7,Vencido
DEV-01648,17-12-2025,C-00778,SKU-1039,5,averiado
DEV-01649,2023-10-10,C-00716,SKU-1082,1,averiado
DEV-01650,25/07/2024,C-01779,SKU-1137,2,Vencido
DEV-01651,04/11/2024,C-01754,SKU-1009,4,PRODUCTO AVERIADO
DEV-01652,2026-03-24,C-00585,SKU-1033,3,PRODUCTO AVERIADO
DEV-01653,2024-06-01,C-00318,SKU-1077,1,Error de despacho
DEV-01654,2024-07-28,C-01380,SKU-1141,2,Empaque defectuoso
DEV-01655,2023-07-22,C-01721,SKU-1085,5,Error de despacho
DEV-01656,02/06/2024,C-01840,SKU-1101,5,Vencido
DEV-01657,24-08-2024,C-00504,SKU-1045,7,averiado
DEV-01658,2024-05-04,C-01075,SKU-1021,8,Error de despacho
DEV-01659,14/06/2023,C-00883,SKU-1119,8,Vencido
DEV-01660,2025-06-09,C-90021,SKU-1065,3,Empaque defectuoso
DEV-01661,2023-05-27,C-01961,SKU-1099,5,PRODUCTO AVERIADO
DEV-01662,2023-12-31,C-00401,SKU-1125,7,Error de despacho
DEV-01663,2023-07-22,C-01816,SKU-1111,7,Error de despacho
DEV-01664,19/09/2023,C-01163,SKU-1004,2,Producto averiado
DEV-01665,2026-04-09,C-01183,SKU-1071,8,averiado
DEV-01666,28/01/2025,C-00548,SKU-1007,1,Empaque defectuoso
DEV-01667,2024-05-27,C-90104,SKU-1083,7,averiado
DEV-01668,2023-03-07,C-00309,SKU-1026,4,No solicitado
DEV-01669,21/02/2024,C-00466,SKU-1016,5,Producto averiado
DEV-01670,27-05-2025,C-00124,SKU-1100,1,Producto averiado
DEV-01671,2023-07-21,C-01659,SKU-1143,2,PRODUCTO AVERIADO
DEV-01672,2023-08-29,C-00356,SKU-1085,3,Producto averiado
DEV-01673,2025-01-27,C-02370,SKU-1141,6,averiado
DEV-01674,2025-02-14,C-01581,SKU-1085,8,Vencido
DEV-01675,2023-07-08,C-01080,SKU-1127,5,Producto averiado
DEV-01676,2025-02-26,C-02184,SKU-1085,1,Producto averiado
DEV-01677,2026-01-27,C-00821,SKU-1085,5,Producto averiado
DEV-01678,08/08/2023,C-00834,SKU-1087,4,Producto averiado
DEV-01679,25-03-2024,C-01519,SKU-1072,2,Empaque defectuoso
DEV-01680,2023-01-15,C-00757,SKU-1014,6,Error de despacho
DEV-01681,2024-09-16,C-00724,SKU-1115,7,Error de despacho
DEV-01682,2023-11-25,C-90126,SKU-1120,2,No solicitado
DEV-01683,30/09/2025,C-01623,SKU-1018,1,PRODUCTO AVERIADO
DEV-01684,25/03/2026,C-01944,SKU-1067,1,Vencido
DEV-01685,16/07/2023,C-90131,SKU-1024,3,Error de despacho
DEV-01686,2023-04-02,C-01954,SKU-1143,6,PRODUCTO AVERIADO
DEV-01687,2026-06-21,C-01986,SKU-1085,4,PRODUCTO AVERIADO
DEV-01688,2024-11-24,C-00556,SKU-1113,5,PRODUCTO AVERIADO
DEV-01689,2025-09-04,C-00801,SKU-1063,5,Producto averiado
DEV-01690,2025-08-15,C-00756,SKU-1119,6,Producto averiado
DEV-01691,30-11-2023,C-00361,SKU-1034,1,PRODUCTO AVERIADO
DEV-01692,08/13/2025,C-02268,SKU-1017,8,PRODUCTO AVERIADO
DEV-01693,2024-04-14,C-00507,SKU-1085,1,averiado
DEV-01694,2025-06-30,C-90025,SKU-1102,6,Producto averiado
DEV-01695,2026-05-25,C-01053,SKU-1085,5,Error de despacho
DEV-01696,2023-06-15,C-01160,SKU-1113,5,Empaque defectuoso
DEV-01697,22/05/2023,C-02146,SKU-1103,6,averiado
DEV-01698,2025-06-12,C-01597,SKU-1085,7,Error de despacho
DEV-01699,12/28/2023,C-01133,SKU-1085,1,PRODUCTO AVERIADO
DEV-01700,2023-04-27,C-01742,SKU-1085,4,averiado
DEV-01701,03/14/2025,C-01046,SKU-1085,8,Vencido
DEV-01702,2025-02-19,C-01508,SKU-1130,7,Producto averiado
DEV-01703,2025-03-22,C-01536,SKU-1085,6,Producto averiado
DEV-01704,2024-02-22,C-01971,SKU-1085,2,Empaque defectuoso
DEV-01705,2026-06-28,C-90053,SKU-1136,3,PRODUCTO AVERIADO
DEV-01706,2026-03-25,C-00304,SKU-1113,5,Empaque defectuoso
DEV-01707,2026-02-07,C-01128,SKU-1064,2,Empaque defectuoso
DEV-01708,08/21/2023,C-00058,SKU-1028,6,Error de despacho
DEV-01709,2023-09-04,C-90050,SKU-1015,4,Empaque defectuoso
DEV-01710,2026-06-06,C-00043,SKU-1085,7,Producto averiado
DEV-01711,2025-02-18,C-00739,SKU-1148,3,averiado
DEV-01712,2025-06-29,C-01985,SKU-1095,1,Producto averiado
DEV-01713,30-03-2025,C-00974,SKU-1127,7,PRODUCTO AVERIADO
DEV-01714,2023-12-24,C-01568,SKU-1085,7,Producto averiado
DEV-01715,2023-09-02,C-01270,SKU-1114,3,Error de despacho
DEV-01716,2026-01-13,C-02087,SKU-1089,8,PRODUCTO AVERIADO
DEV-01717,2023-01-05,C-01422,SKU-1066,1,Vencido
DEV-01718,13/12/2024,C-00247,SKU-1090,1,Vencido
DEV-01719,2026-02-09,C-00561,SKU-1085,3,Producto averiado
DEV-01720,2024-08-04,C-01787,SKU-1100,6,No solicitado
DEV-01721,2026-03-02,C-00674,SKU-1085,1,averiado
DEV-01722,2026-02-05,C-01548,SKU-1142,2,averiado
DEV-01723,2026-06-13,C-02233,SKU-1085,1,Empaque defectuoso
DEV-01724,2026-04-06,C-00696,SKU-1037,8,No solicitado
DEV-01725,07-12-2023,C-02062,SKU-1116,7,Producto averiado
DEV-01726,12/12/2025,C-02037,SKU-1085,4,Error de despacho
DEV-01727,2026-03-10,C-00830,SKU-1085,3,Vencido
DEV-01728,11/09/2025,C-02348,SKU-1091,8,Empaque defectuoso
DEV-01729,10/16/2024,C-90064,SKU-1028,4,Error de despacho
DEV-01730,12/01/2024,C-00574,SKU-1085,4,PRODUCTO AVERIADO
DEV-01731,16/06/2025,C-01238,SKU-1085,7,averiado
DEV-01732,10/10/2025,C-00351,SKU-1123,6,Producto averiado
DEV-01733,2026-02-20,C-02105,SKU-1007,3,Vencido
DEV-01734,2026-05-02,C-01770,SKU-1126,2,Vencido
DEV-01735,2024-09-12,C-90128,SKU-1085,3,Producto averiado
DEV-01736,14/04/2026,C-00918,SKU-1105,6,averiado
DEV-01737,2025-05-16,C-02093,SKU-1082,7,Producto averiado
DEV-01738,2023-02-01,C-00927,SKU-1131,6,Empaque defectuoso
DEV-01739,24/01/2023,C-90021,SKU-1048,5,PRODUCTO AVERIADO
DEV-01740,2026-02-09,C-02147,SKU-1113,5,Vencido
DEV-01741,2023-09-09,C-01701,SKU-1136,6,PRODUCTO AVERIADO
DEV-01742,25/04/2025,C-00854,SKU-1050,8,Vencido
DEV-01743,2023-02-17,C-02363,SKU-1002,5,No solicitado
DEV-01744,13/08/2024,C-01884,SKU-1133,8,Empaque defectuoso
DEV-01745,17/04/2024,C-01349,SKU-1085,5,Vencido
DEV-01746,09-01-2026,C-01040,SKU-1085,4,Vencido
DEV-01747,2025-07-21,C-00561,SKU-1012,5,Vencido
DEV-01748,2023-04-04,C-00267,SKU-1085,1,Error de despacho
DEV-01749,2025-02-09,C-01233,SKU-1066,8,Vencido
DEV-01750,01/04/2025,C-02009,SKU-1085,4,PRODUCTO AVERIADO
DEV-01751,2024-11-19,C-00590,SKU-1085,7,Vencido
DEV-01752,2025-04-27,C-01860,SKU-1028,4,averiado
DEV-01753,2024-08-29,C-00107,SKU-1044,3,No solicitado
DEV-01754,2026-03-01,C-00962,SKU-1085,4,No solicitado
DEV-01755,21-08-2023,C-01729,SKU-1046,8,No solicitado
DEV-01756,14-10-2023,C-01970,SKU-1085,1,No solicitado
DEV-01757,2024-10-09,C-01917,SKU-1085,8,Vencido
DEV-01758,2025-08-05,C-02100,SKU-1102,2,Error de despacho
DEV-01759,2024-10-19,C-01317,SKU-1054,8,Producto averiado
DEV-01760,2025-01-14,C-01959,SKU-1085,4,PRODUCTO AVERIADO
DEV-01761,2024-11-28,C-90177,SKU-1029,8,averiado
DEV-01762,17/10/2025,C-01040,SKU-1003,1,Error de despacho
DEV-01763,2025-02-09,C-01760,SKU-1000,2,Empaque defectuoso
DEV-01764,2024-10-24,C-02324,SKU-1109,1,No solicitado
DEV-01765,2024-11-12,C-02073,SKU-1091,7,averiado
DEV-01766,02/18/2026,C-00328,SKU-1149,2,PRODUCTO AVERIADO
DEV-01767,29/07/2025,C-00242,SKU-1029,3,averiado
DEV-01768,2024-07-14,C-01250,SKU-1044,8,averiado
DEV-01769,30-12-2023,C-00243,SKU-1148,4,Vencido
DEV-01770,01-09-2025,C-00550,SKU-1085,2,Error de despacho
DEV-01771,2026-02-23,C-00884,SKU-1005,7,No solicitado
DEV-01772,2023-01-26,C-01862,SKU-1081,6,averiado
DEV-01773,15-04-2024,C-00440,SKU-1012,8,PRODUCTO AVERIADO
DEV-01774,15-02-2025,C-00131,SKU-1085,1,averiado
DEV-01775,29/09/2025,C-02073,SKU-1085,2,averiado
DEV-01776,23-03-2023,C-01846,SKU-1085,7,Vencido
DEV-01777,2024-09-08,C-00147,SKU-1013,8,Vencido
DEV-01778,03-07-2023,C-00981,SKU-1080,5,No solicitado
DEV-01779,2026-05-30,C-00312,SKU-1085,2,PRODUCTO AVERIADO
DEV-01780,2025-05-04,C-02080,SKU-1000,2,Vencido
DEV-01781,2024-03-27,C-02000,SKU-1085,8,Vencido
DEV-01782,02/06/2023,C-00572,SKU-1033,4,Empaque defectuoso
DEV-01783,2026-05-10,C-00538,SKU-1044,2,Error de despacho
DEV-01784,27/02/2023,C-01914,SKU-1102,8,Producto averiado
DEV-01785,05-12-2024,C-01847,SKU-1051,3,PRODUCTO AVERIADO
DEV-01786,2025-12-11,C-01343,SKU-1005,3,No solicitado
DEV-01787,2023-04-21,C-01346,SKU-1084,1,No solicitado
DEV-01788,05/08/2024,C-00115,SKU-1015,7,PRODUCTO AVERIADO
DEV-01789,2025-10-08,C-00962,SKU-1067,3,Producto averiado
DEV-01790,05/08/2023,C-00227,SKU-1132,2,Vencido
DEV-01791,2026-02-04,C-90000,SKU-1085,6,Producto averiado
DEV-01792,03/11/2024,C-01590,SKU-1021,8,Error de despacho
DEV-01793,30-08-2025,C-01492,SKU-1085,3,Empaque defectuoso
DEV-01794,16/06/2025,C-01465,SKU-1098,7,Vencido
DEV-01795,2023-12-03,C-00866,SKU-1118,5,Empaque defectuoso
DEV-01796,2023-12-08,C-00217,SKU-1085,8,PRODUCTO AVERIADO
DEV-01797,19-10-2023,C-00731,SKU-1067,8,Empaque defectuoso
DEV-01798,25-11-2025,C-02132,SKU-1064,4,Producto averiado
DEV-01799,2025-08-02,C-00562,SKU-1004,2,No solicitado
DEV-01800,2023-09-23,C-00246,SKU-1085,7,Vencido
DEV-01801,08/01/2026,C-02205,SKU-1027,1,Producto averiado
DEV-01802,02/27/2026,C-00895,SKU-1085,5,Error de despacho
DEV-01803,2023-10-25,C-01869,SKU-1093,2,Empaque defectuoso
DEV-01804,2023-10-29,C-00708,SKU-1108,7,Producto averiado
DEV-01805,2026-03-12,C-00454,SKU-1124,5,PRODUCTO AVERIADO
DEV-01806,2023-03-15,C-90116,SKU-1085,8,Vencido
DEV-01807,02/12/2023,C-01114,SKU-1150,7,averiado
DEV-01808,18-05-2026,C-01799,SKU-1082,4,Error de despacho
DEV-01809,02/02/2026,C-00650,SKU-1059,3,Producto averiado
DEV-01810,2023-04-15,C-02200,SKU-1085,1,Error de despacho
DEV-01811,28-08-2024,C-01172,SKU-1100,7,Vencido
DEV-01812,2024-06-24,C-02296,SKU-1085,8,PRODUCTO AVERIADO
DEV-01813,2024-02-05,C-00925,SKU-1048,2,Error de despacho
DEV-01814,2023-06-14,C-00286,SKU-1085,1,Producto averiado
DEV-01815,12/04/2025,C-02212,SKU-1024,5,PRODUCTO AVERIADO
DEV-01816,2023-09-25,C-90007,SKU-1127,2,No solicitado
DEV-01817,2026-06-24,C-01336,SKU-1067,3,No solicitado
DEV-01818,2025-12-29,C-00400,SKU-1007,5,PRODUCTO AVERIADO
DEV-01819,2025-10-26,C-01848,SKU-1091,2,Producto averiado
DEV-01820,2025-12-08,C-00009,SKU-1045,4,PRODUCTO AVERIADO
DEV-01821,2025-01-25,C-01251,SKU-1112,7,Vencido
DEV-01822,13-04-2023,C-00973,SKU-1103,1,averiado
DEV-01823,23-05-2024,C-02317,SKU-1058,2,PRODUCTO AVERIADO
DEV-01824,11/25/2025,C-01016,SKU-1090,1,No solicitado
DEV-01825,01/16/2024,C-02290,SKU-1117,3,Vencido
DEV-01826,27-06-2023,C-01045,SKU-1141,8,Vencido
DEV-01827,02/12/2024,C-00041,SKU-1085,5,Producto averiado
DEV-01828,2023-03-16,C-00067,SKU-1057,6,Empaque defectuoso
DEV-01829,2025-02-18,C-00475,SKU-1053,2,Producto averiado
DEV-01830,2023-05-04,C-01596,SKU-1098,4,Producto averiado
DEV-01831,23-12-2025,C-01417,SKU-1097,4,Error de despacho
DEV-01832,2025-12-10,C-02152,SKU-1036,2,Error de despacho
DEV-01833,2024-11-30,C-02144,SKU-1074,4,Vencido
DEV-01834,2023-09-22,C-90013,SKU-1021,5,Empaque defectuoso
DEV-01835,2023-04-01,C-01367,SKU-1085,8,Producto averiado
DEV-01836,22-01-2023,C-00942,SKU-1068,7,Empaque defectuoso
DEV-01837,10/05/2024,C-90165,SKU-1085,4,Error de despacho
DEV-01838,2024-10-13,C-02366,SKU-1050,8,Empaque defectuoso
DEV-01839,30/10/2023,C-01583,SKU-1019,4,averiado
DEV-01840,10/11/2025,C-00424,SKU-1119,2,averiado
DEV-01841,18-02-2023,C-01778,SKU-1085,6,Vencido
DEV-01842,2023-12-09,C-00913,SKU-1089,6,Vencido
DEV-01843,2023-01-26,C-00790,SKU-1053,6,averiado
DEV-01844,2025-07-06,C-00109,SKU-1104,6,Empaque defectuoso
DEV-01845,2024-07-01,C-01500,SKU-1119,5,No solicitado
DEV-01846,14/11/2025,C-02340,SKU-1085,4,No solicitado
DEV-01847,2023-08-19,C-01509,SKU-1014,1,Producto averiado
DEV-01848,2023-09-22,C-00791,SKU-1090,4,Error de despacho
DEV-01849,2024-01-21,C-01042,SKU-1006,6,Error de despacho
DEV-01850,2023-09-05,C-01398,SKU-1085,7,No solicitado
DEV-01851,09/04/2024,C-00860,SKU-1024,5,Producto averiado
DEV-01852,2023-03-29,C-00844,SKU-1072,4,averiado
DEV-01853,2026-04-07,C-01997,SKU-1051,1,Vencido
DEV-01854,11/06/2024,C-00500,SKU-1006,8,Producto averiado
DEV-01855,03-12-2023,C-90027,SKU-1149,4,Vencido
DEV-01856,2025-06-30,C-02248,SKU-1127,8,Empaque defectuoso
DEV-01857,2025-09-06,C-01291,SKU-1043,1,Empaque defectuoso
DEV-01858,05/04/2024,C-01380,SKU-1106,1,averiado
DEV-01859,28-03-2025,C-02111,SKU-1108,6,Error de despacho
DEV-01860,12/10/2023,C-00360,SKU-1033,3,No solicitado
DEV-01861,2024-12-01,C-01773,SKU-1035,8,No solicitado
DEV-01862,29-01-2026,C-00897,SKU-1085,2,Vencido
DEV-01863,20/08/2024,C-01797,SKU-1002,6,Vencido
DEV-01864,16/10/2025,C-01576,SKU-1085,3,Producto averiado
DEV-01865,2025-02-12,C-90125,SKU-1043,4,Empaque defectuoso
DEV-01866,2025-01-11,C-02074,SKU-1018,1,Producto averiado
DEV-01867,2024-08-24,C-90171,SKU-1096,6,Vencido
DEV-01868,2025-11-02,C-01590,SKU-1085,1,Error de despacho
DEV-01869,2024-10-26,C-01257,SKU-1024,1,No solicitado
DEV-01870,04/06/2026,C-00224,SKU-1101,1,averiado
DEV-01871,2023-07-06,C-90068,SKU-1121,8,Empaque defectuoso
DEV-01872,2024-09-07,C-00419,SKU-1038,3,Producto averiado
DEV-01873,28/01/2026,C-01753,SKU-1131,3,Error de despacho
DEV-01874,2026-02-04,C-02026,SKU-1085,6,Error de despacho
DEV-01875,2023-08-25,C-01032,SKU-1060,5,Vencido
DEV-01876,2025-05-06,C-01193,SKU-1148,8,averiado
DEV-01877,2023-08-12,C-02073,SKU-1033,6,No solicitado
DEV-01878,2025-03-13,C-00641,SKU-1002,5,Error de despacho
DEV-01879,2024-10-26,C-01434,SKU-1144,8,PRODUCTO AVERIADO
DEV-01880,2024-06-03,C-00331,SKU-1085,8,averiado
DEV-01881,2023-07-31,C-01816,SKU-1142,4,Error de despacho
DEV-01882,05/05/2025,C-02119,SKU-1019,1,No solicitado
DEV-01883,2023-03-05,C-90073,SKU-1017,7,Producto averiado
DEV-01884,06/22/2025,C-01455,SKU-1045,7,Producto averiado
DEV-01885,04/15/2026,C-01809,SKU-1041,1,averiado
DEV-01886,2024-10-09,C-02396,SKU-1072,1,Error de despacho
DEV-01887,02/17/2024,C-01938,SKU-1105,6,Producto averiado
DEV-01888,21-08-2024,C-00934,SKU-1063,1,Vencido
DEV-01889,2023-04-25,C-00175,SKU-1061,7,PRODUCTO AVERIADO
DEV-01890,12/11/2024,C-01364,SKU-1107,7,No solicitado
DEV-01891,2023-01-25,C-01168,SKU-1025,5,No solicitado
DEV-01892,2025-11-26,C-01380,SKU-1006,8,No solicitado
DEV-01893,19/05/2023,C-90161,SKU-1085,7,Empaque defectuoso
DEV-01894,04-08-2025,C-01020,SKU-1039,7,averiado
DEV-01895,07/10/2023,C-00092,SKU-1083,6,Vencido
DEV-01896,2023-12-27,C-02195,SKU-1139,6,Error de despacho
DEV-01897,2023-12-26,C-00799,SKU-1069,7,PRODUCTO AVERIADO
DEV-01898,2024-08-20,C-00498,SKU-1145,6,PRODUCTO AVERIADO
DEV-01899,04/08/2023,C-00365,SKU-1138,6,PRODUCTO AVERIADO
DEV-01900,2023-07-17,C-01118,SKU-1142,2,PRODUCTO AVERIADO
DEV-01901,24/03/2025,C-01123,SKU-1085,8,Vencido
DEV-01902,2023-07-13,C-00510,SKU-1075,4,Vencido
DEV-01903,2025-03-15,C-01704,SKU-1100,2,PRODUCTO AVERIADO
DEV-01904,2024-05-04,C-01857,SKU-1059,7,Vencido
DEV-01905,23-07-2023,C-01089,SKU-1020,5,Vencido
DEV-01906,2023-05-19,C-00384,SKU-1072,2,averiado
DEV-01907,17/08/2024,C-01975,SKU-1085,5,Vencido
DEV-01908,23/09/2024,C-01102,SKU-1045,3,PRODUCTO AVERIADO
DEV-01909,29-05-2026,C-00193,SKU-1072,6,PRODUCTO AVERIADO
DEV-01910,2024-12-26,C-00716,SKU-1115,3,PRODUCTO AVERIADO
DEV-01911,01/12/2024,C-01039,SKU-1092,5,Error de despacho
DEV-01912,2025-05-26,C-00779,SKU-1085,8,Error de despacho
DEV-01913,02/12/2024,C-00864,SKU-1105,2,Producto averiado
DEV-01914,04/10/2025,C-90105,SKU-1099,5,Producto averiado
DEV-01915,30-08-2025,C-00655,SKU-1012,2,PRODUCTO AVERIADO
DEV-01916,2026-01-29,C-01544,SKU-1091,8,Vencido
DEV-01917,2024-12-09,C-00026,SKU-1109,6,PRODUCTO AVERIADO
DEV-01918,22-02-2024,C-01276,SKU-1123,5,Vencido
DEV-01919,2024-08-26,C-00743,SKU-1107,6,Vencido
DEV-01920,16/06/2025,C-02315,SKU-1150,1,No solicitado
DEV-01921,2025-08-13,C-01205,SKU-1077,1,PRODUCTO AVERIADO
DEV-01922,2023-02-17,C-02339,SKU-1085,1,Error de despacho
DEV-01923,2024-07-31,C-00440,SKU-1092,7,Empaque defectuoso
DEV-01924,10/06/2025,C-00640,SKU-1150,8,averiado
DEV-01925,11/05/2023,C-01007,SKU-1080,7,No solicitado
DEV-01926,2025-05-12,C-00590,SKU-1037,3,Vencido
DEV-01927,02-02-2026,C-00620,SKU-1020,3,Empaque defectuoso
DEV-01928,2023-12-05,C-00681,SKU-1079,3,No solicitado
DEV-01929,06/01/2026,C-02223,SKU-1110,8,Error de despacho
DEV-01930,2024-08-30,C-00446,SKU-1100,8,No solicitado
DEV-01931,20/05/2026,C-00318,SKU-1150,5,Error de despacho
DEV-01932,31/07/2025,C-02127,SKU-1033,2,averiado
DEV-01933,2025-04-19,C-00650,SKU-1036,5,Vencido
DEV-01934,06/06/2023,C-00816,SKU-1085,3,Producto averiado
DEV-01935,2024-06-07,C-01302,SKU-1085,5,PRODUCTO AVERIADO
DEV-01936,06/18/2024,C-02065,SKU-1025,2,Vencido
DEV-01937,2024-12-18,C-00490,SKU-1085,3,Error de despacho
DEV-01938,06-02-2024,C-00929,SKU-1101,6,Empaque defectuoso
DEV-01939,26-03-2026,C-02172,SKU-1141,4,No solicitado
DEV-01940,23/05/2023,C-00209,SKU-1098,2,averiado
DEV-01941,03-03-2024,C-01677,SKU-1123,3,Error de despacho
DEV-01942,26-05-2024,C-00645,SKU-1058,4,Error de despacho
DEV-01943,03/08/2024,C-00081,SKU-1094,6,Empaque defectuoso
DEV-01944,03/05/2023,C-01372,SKU-1051,3,Empaque defectuoso
DEV-01945,06/11/2024,C-01967,SKU-1135,3,averiado
DEV-01946,24/05/2023,C-00125,SKU-1037,6,No solicitado
DEV-01947,2023-10-08,C-01306,SKU-1130,2,Producto averiado
DEV-01948,12/09/2025,C-01282,SKU-1118,5,Empaque defectuoso
DEV-01949,2026-02-13,C-01389,SKU-1016,7,Empaque defectuoso
DEV-01950,01/10/2023,C-02207,SKU-1085,5,averiado
DEV-01951,08/07/2024,C-00850,SKU-1008,2,PRODUCTO AVERIADO
DEV-01952,2023-08-19,C-90076,SKU-1032,1,Vencido
DEV-01953,2024-11-16,C-01162,SKU-1096,7,Error de despacho
DEV-01954,2025-09-25,C-00082,SKU-1047,3,No solicitado
DEV-01955,2025-10-12,C-01385,SKU-1071,4,Empaque defectuoso
DEV-01956,22/03/2023,C-02257,SKU-1036,4,No solicitado
DEV-01957,2025-01-08,C-01559,SKU-1019,2,Vencido
DEV-01958,09/08/2023,C-01104,SKU-1044,8,Error de despacho
DEV-01959,17/02/2025,C-90167,SKU-1037,7,Empaque defectuoso
DEV-01960,2025-11-11,C-00928,SKU-1114,7,PRODUCTO AVERIADO
DEV-01961,2025-03-16,C-00841,SKU-1146,8,Producto averiado
DEV-01962,2023-03-25,C-01883,SKU-1017,1,Error de despacho
DEV-01963,2024-10-13,C-01534,SKU-1132,3,Empaque defectuoso
DEV-01964,17/07/2023,C-90044,SKU-1045,5,Producto averiado
DEV-01965,2025-05-19,C-01668,SKU-1040,7,Producto averiado
DEV-01966,11/04/2023,C-00030,SKU-1028,8,Producto averiado
DEV-01967,2024-04-04,C-00400,SKU-1070,1,Error de despacho
DEV-01968,24/05/2024,C-01878,SKU-1004,8,PRODUCTO AVERIADO
DEV-01969,2026-05-24,C-00946,SKU-1112,8,averiado
DEV-01970,12-11-2024,C-01121,SKU-1127,1,Producto averiado
DEV-01971,2024-03-09,C-90052,SKU-1085,6,Vencido
DEV-01972,2024-01-17,C-02137,SKU-1109,1,Empaque defectuoso
DEV-01973,22/10/2023,C-00961,SKU-1085,2,PRODUCTO AVERIADO
DEV-01974,2024-11-25,C-01990,SKU-1036,4,No solicitado
DEV-01975,2025-06-06,C-01152,SKU-1142,4,PRODUCTO AVERIADO
DEV-01976,2023-07-26,C-00732,SKU-1085,5,Producto averiado
DEV-01977,19/06/2026,C-00485,SKU-1095,3,No solicitado
DEV-01978,30/03/2024,C-02235,SKU-1085,2,Producto averiado
DEV-01979,01/23/2025,C-00402,SKU-1085,3,Producto averiado
DEV-01980,05/10/2025,C-01010,SKU-1085,5,Vencido
DEV-01981,2023-03-14,C-00858,SKU-1084,7,Producto averiado
DEV-01982,2024-02-28,C-01835,SKU-1077,4,PRODUCTO AVERIADO
DEV-01983,2023-09-24,C-00486,SKU-1140,6,Vencido
DEV-01984,2023-03-21,C-02287,SKU-1085,6,Empaque defectuoso
DEV-01985,2024-02-10,C-01024,SKU-1085,5,averiado
DEV-01986,2025-07-26,C-01905,SKU-1074,6,Empaque defectuoso
DEV-01987,2023-04-11,C-90041,SKU-1085,8,No solicitado
DEV-01988,2023-03-31,C-01695,SKU-1111,7,Producto averiado
DEV-01989,12/24/2025,C-00098,SKU-1079,8,Empaque defectuoso
DEV-01990,2024-12-30,C-00035,SKU-1000,1,No solicitado
DEV-01991,26/07/2023,C-02205,SKU-1084,8,Empaque defectuoso
DEV-01992,01/11/2023,C-00759,SKU-1087,5,No solicitado
DEV-01993,28/12/2023,C-02067,SKU-1085,3,No solicitado
DEV-01994,2025-11-07,C-00840,SKU-1053,1,Vencido
DEV-01995,2025-03-17,C-00426,SKU-1063,2,Empaque defectuoso
DEV-01996,26/03/2023,C-01568,SKU-1085,8,Empaque defectuoso
DEV-01997,2026-01-14,C-02283,SKU-1016,3,Empaque defectuoso
DEV-01998,2025-09-18,C-02185,SKU-1085,4,averiado
DEV-01999,22/02/2025,C-00051,SKU-1081,6,Error de despacho
DEV-02000,2025-11-02,C-01821,SKU-1085,6,Error de despacho
DEV-02001,27-06-2025,C-01319,SKU-1085,4,Error de despacho
DEV-02002,29-08-2024,C-00158,SKU-1135,4,PRODUCTO AVERIADO
DEV-02003,2025-01-05,C-02013,SKU-1056,4,Vencido
DEV-02004,2023-04-14,C-00226,SKU-1015,2,Empaque defectuoso
DEV-02005,2023-04-28,C-01342,SKU-1108,4,PRODUCTO AVERIADO
DEV-02006,10/07/2024,C-02272,SKU-1070,8,PRODUCTO AVERIADO
DEV-02007,2024-02-20,C-01689,SKU-1085,3,PRODUCTO AVERIADO
DEV-02008,2025-06-09,C-01946,SKU-1012,6,Vencido
DEV-02009,11/01/2025,C-00127,SKU-1026,4,averiado
DEV-02010,25/11/2025,C-00039,SKU-1100,2,Empaque defectuoso
DEV-02011,2024-02-03,C-01117,SKU-1056,2,averiado
DEV-02012,25/10/2023,C-00085,SKU-1026,4,Vencido
DEV-02013,2025-09-09,C-02269,SKU-1056,2,No solicitado
DEV-02014,2026-04-13,C-90095,SKU-1085,4,averiado
DEV-02015,01/07/2023,C-01703,SKU-1034,1,averiado
DEV-02016,10-12-2025,C-01982,SKU-1124,1,averiado
DEV-02017,2023-11-15,C-00043,SKU-1130,8,Empaque defectuoso
DEV-02018,2024-06-12,C-02374,SKU-1146,7,Vencido
DEV-02019,2026-01-28,C-01338,SKU-1085,5,Empaque defectuoso
DEV-02020,2023-08-05,C-01240,SKU-1102,8,PRODUCTO AVERIADO
DEV-02021,2023-03-17,C-01577,SKU-1049,5,averiado
DEV-02022,02/03/2025,C-01343,SKU-1055,5,Vencido
DEV-02023,18/07/2024,C-02263,SKU-1083,1,Error de despacho
DEV-02024,19/11/2025,C-02388,SKU-1005,2,Empaque defectuoso
DEV-02025,2023-05-16,C-01100,SKU-1085,7,Empaque defectuoso
DEV-02026,01/01/2026,C-01956,SKU-1134,7,Empaque defectuoso
DEV-02027,2024-08-24,C-01290,SKU-1097,8,PRODUCTO AVERIADO
DEV-02028,2023-07-16,C-00520,SKU-1072,1,Error de despacho
DEV-02029,24/03/2026,C-01381,SKU-1085,5,Vencido
DEV-02030,17/05/2025,C-00560,SKU-1035,4,Empaque defectuoso
DEV-02031,05/04/2024,C-02213,SKU-1116,5,Vencido
DEV-02032,2023-08-12,C-00043,SKU-1018,4,Producto averiado
DEV-02033,2024-06-30,C-00619,SKU-1087,4,Error de despacho
DEV-02034,06/07/2023,C-01231,SKU-1051,8,Error de despacho
DEV-02035,2025-11-15,C-00130,SKU-1108,4,No solicitado
DEV-02036,2023-04-03,C-00298,SKU-1065,7,Error de despacho
DEV-02037,2026-02-12,C-02192,SKU-1134,2,No solicitado
DEV-02038,06-02-2024,C-00411,SKU-1074,2,Error de despacho
DEV-02039,03/04/2025,C-90160,SKU-1120,2,Error de despacho
DEV-02040,2023-09-27,C-01445,SKU-1024,1,PRODUCTO AVERIADO
DEV-02041,2023-12-08,C-01874,SKU-1053,6,No solicitado
DEV-02042,02/04/2024,C-01862,SKU-1090,3,No solicitado
DEV-02043,2026-02-03,C-00067,SKU-1019,5,Empaque defectuoso
DEV-02044,2025-04-21,C-00608,SKU-1069,2,PRODUCTO AVERIADO
DEV-02045,29/07/2024,C-01478,SKU-1094,5,Error de despacho
DEV-02046,02/12/2024,C-01977,SKU-1085,3,Empaque defectuoso
DEV-02047,2024-03-19,C-01487,SKU-1130,1,PRODUCTO AVERIADO
DEV-02048,07/02/2026,C-00203,SKU-1095,1,Error de despacho
DEV-02049,15/08/2024,C-01290,SKU-1002,2,Producto averiado
DEV-02050,2026-04-28,C-02268,SKU-1006,7,Empaque defectuoso
DEV-02051,2025-11-29,C-00869,SKU-1036,3,No solicitado
DEV-02052,2023-02-01,C-90036,SKU-1107,4,Producto averiado
DEV-02053,2023-03-12,C-00446,SKU-1056,5,averiado
DEV-02054,10/09/2024,C-01700,SKU-1133,4,Vencido
DEV-02055,2026-01-26,C-00838,SKU-1072,1,PRODUCTO AVERIADO
DEV-02056,18/04/2025,C-00684,SKU-1002,7,Vencido
DEV-02057,28/02/2023,C-00410,SKU-1003,7,No solicitado
DEV-02058,2024-07-17,C-01216,SKU-1085,6,Error de despacho
DEV-02059,25/11/2025,C-01153,SKU-1058,8,Error de despacho
DEV-02060,2025-07-02,C-90065,SKU-1042,5,Empaque defectuoso
DEV-02061,20/07/2025,C-02231,SKU-1144,1,Producto averiado
DEV-02062,2023-04-24,C-01446,SKU-1024,3,Producto averiado
DEV-02063,2025-10-06,C-02172,SKU-1107,4,PRODUCTO AVERIADO
DEV-02064,17-10-2025,C-00243,SKU-1103,4,averiado
DEV-02065,23/03/2023,C-00923,SKU-1064,2,Error de despacho
DEV-02066,06/04/2024,C-01611,SKU-1048,7,PRODUCTO AVERIADO
DEV-02067,2025-03-26,C-02262,SKU-1035,1,Producto averiado
DEV-02068,2026-03-22,C-00930,SKU-1029,4,PRODUCTO AVERIADO
DEV-02069,2026-01-14,C-00917,SKU-1085,3,No solicitado
DEV-02070,29/10/2023,C-01680,SKU-1116,7,Producto averiado
DEV-02071,24-01-2023,C-00305,SKU-1033,8,PRODUCTO AVERIADO
DEV-02072,2024-11-14,C-01378,SKU-1038,4,No solicitado
DEV-02073,2025-09-18,C-90101,SKU-1093,3,averiado
DEV-02074,2023-08-25,C-00072,SKU-1085,1,Vencido
DEV-02075,2023-06-05,C-00972,SKU-1118,5,No solicitado
DEV-02076,04/10/2023,C-00292,SKU-1149,6,averiado
DEV-02077,2025-08-27,C-01795,SKU-1085,7,Vencido
DEV-02078,17-05-2025,C-00438,SKU-1069,8,averiado
DEV-02079,2023-03-22,C-01037,SKU-1015,3,Vencido
DEV-02080,03-11-2025,C-00110,SKU-1105,3,averiado
DEV-02081,2024-10-03,C-00405,SKU-1086,5,Empaque defectuoso
DEV-02082,27/02/2026,C-02220,SKU-1063,7,Error de despacho
DEV-02083,30/09/2025,C-01853,SKU-1009,4,Empaque defectuoso
DEV-02084,05/05/2023,C-00394,SKU-1085,6,No solicitado
DEV-02085,2024-03-30,C-00835,SKU-1136,4,PRODUCTO AVERIADO
DEV-02086,08-07-2024,C-00584,SKU-1148,1,Error de despacho
DEV-02087,16/01/2025,C-00481,SKU-1004,3,No solicitado
DEV-02088,2023-12-27,C-90020,SKU-1085,3,Empaque defectuoso
DEV-02089,2023-01-25,C-01221,SKU-1085,8,Producto averiado
DEV-02090,05/06/2023,C-90078,SKU-1085,1,averiado
DEV-02091,2025-11-28,C-90036,SKU-1071,2,Empaque defectuoso
DEV-02092,2023-09-17,C-00952,SKU-1101,2,No solicitado
DEV-02093,02/03/2023,C-00991,SKU-1097,4,Vencido
DEV-02094,2024-04-15,C-90080,SKU-1048,3,No solicitado
DEV-02095,14/01/2025,C-00497,SKU-1096,7,No solicitado
DEV-02096,2023-02-19,C-01662,SKU-1088,2,Vencido
DEV-02097,24/01/2023,C-00670,SKU-1085,5,No solicitado
DEV-02098,05/07/2025,C-01631,SKU-1022,3,Error de despacho
DEV-02099,03/03/2023,C-90105,SKU-1084,5,Error de despacho
DEV-02100,2024-05-02,C-02307,SKU-1067,1,Empaque defectuoso
DEV-02101,2025-09-09,C-01578,SKU-1085,8,Empaque defectuoso
DEV-02102,10/01/2026,C-02308,SKU-1016,3,Empaque defectuoso
DEV-02103,2026-04-09,C-02238,SKU-1085,7,Error de despacho
DEV-02104,15/08/2025,C-01510,SKU-1065,4,PRODUCTO AVERIADO
DEV-02105,2026-03-15,C-01034,SKU-1085,5,averiado
DEV-02106,2024-08-12,C-01955,SKU-1123,3,Empaque defectuoso
DEV-02107,2024-02-12,C-00773,SKU-1127,3,Producto averiado
DEV-02108,2025-12-23,C-00803,SKU-1024,4,No solicitado
DEV-02109,20/05/2025,C-00328,SKU-1085,4,Empaque defectuoso
DEV-02110,2023-05-27,C-00440,SKU-1085,8,averiado
DEV-02111,2024-03-16,C-01729,SKU-1025,4,Vencido
DEV-02112,11/01/2026,C-02316,SKU-1092,7,Vencido
DEV-02113,07/05/2023,C-01105,SKU-1085,2,PRODUCTO AVERIADO
DEV-02114,02/09/2025,C-00368,SKU-1104,7,Vencido
DEV-02115,14-06-2024,C-00504,SKU-1122,8,No solicitado
DEV-02116,12/02/2024,C-90036,SKU-1137,7,Producto averiado
DEV-02117,2024-03-24,C-01932,SKU-1006,6,averiado
DEV-02118,2025-09-23,C-02007,SKU-1107,8,Empaque defectuoso
DEV-02119,11-11-2023,C-90002,SKU-1085,3,averiado
DEV-02120,18/06/2024,C-02230,SKU-1053,4,averiado
DEV-02121,2026-05-06,C-02191,SKU-1058,7,Vencido
DEV-02122,2024-01-05,C-00275,SKU-1085,5,No solicitado
DEV-02123,08-04-2024,C-00617,SKU-1007,1,Error de despacho
DEV-02124,17-02-2026,C-00808,SKU-1111,6,PRODUCTO AVERIADO
DEV-02125,11-10-2024,C-02158,SKU-1111,1,Producto averiado
DEV-02126,2026-01-25,C-01387,SKU-1095,3,Error de despacho
DEV-02127,11/25/2024,C-90176,SKU-1085,4,PRODUCTO AVERIADO
DEV-02128,2025-01-11,C-00239,SKU-1097,8,averiado
DEV-02129,2025-07-19,C-00711,SKU-1085,5,PRODUCTO AVERIADO
DEV-02130,02/22/2024,C-01379,SKU-1150,8,Error de despacho
DEV-02131,31-12-2024,C-00955,SKU-1144,4,PRODUCTO AVERIADO
DEV-02132,2024-05-20,C-00839,SKU-1058,2,Producto averiado
DEV-02133,27/04/2026,C-00486,SKU-1044,3,No solicitado
DEV-02134,2025-04-14,C-00851,SKU-1025,6,Vencido
DEV-02135,21/02/2024,C-01833,SKU-1084,5,Vencido
DEV-02136,08/05/2026,C-00821,SKU-1077,1,Producto averiado
DEV-02137,2024-12-14,C-01385,SKU-1085,7,PRODUCTO AVERIADO
DEV-02138,13-03-2025,C-00953,SKU-1113,6,Error de despacho
DEV-02139,22-02-2023,C-00179,SKU-1141,6,No solicitado
DEV-02140,2026-03-29,C-00128,SKU-1115,1,No solicitado
DEV-02141,02/14/2026,C-01173,SKU-1010,8,No solicitado
DEV-02142,2024-12-30,C-01491,SKU-1025,8,No solicitado
DEV-02143,2025-09-07,C-00805,SKU-1078,1,Producto averiado
DEV-02144,03-09-2025,C-00732,SKU-1011,3,Producto averiado
DEV-02145,2023-03-07,C-00844,SKU-1076,7,Error de despacho
DEV-02146,04/01/2024,C-00928,SKU-1074,4,Producto averiado
DEV-02147,2024-11-29,C-01679,SKU-1101,7,Empaque defectuoso
DEV-02148,2025-01-08,C-00732,SKU-1022,1,Vencido
DEV-02149,05/02/2025,C-02378,SKU-1077,3,PRODUCTO AVERIADO
DEV-02150,14/03/2024,C-90131,SKU-1075,7,Empaque defectuoso
DEV-02151,2025-05-11,C-00746,SKU-1075,3,averiado
DEV-02152,03/02/2024,C-00883,SKU-1144,8,No solicitado
DEV-02153,10-07-2024,C-00377,SKU-1053,6,averiado
DEV-02154,22/07/2025,C-01350,SKU-1085,2,averiado
DEV-02155,21-07-2024,C-01066,SKU-1025,6,Vencido
DEV-02156,10/04/2023,C-02361,SKU-1043,8,No solicitado
DEV-02157,01/22/2025,C-00522,SKU-1085,2,Vencido
DEV-02158,2025-03-26,C-02207,SKU-1063,7,Empaque defectuoso
DEV-02159,03/02/2025,C-00803,SKU-1025,2,Empaque defectuoso
DEV-02160,10/18/2025,C-90115,SKU-1140,2,Error de despacho
DEV-02161,2023-11-08,C-01638,SKU-1085,4,Producto averiado
DEV-02162,07/12/2024,C-90086,SKU-1085,1,Error de despacho
DEV-02163,2026-04-29,C-01093,SKU-1140,2,Error de despacho
DEV-02164,24-05-2026,C-00112,SKU-1075,3,PRODUCTO AVERIADO
DEV-02165,2026-03-15,C-01358,SKU-1089,3,Empaque defectuoso
DEV-02166,24-10-2023,C-01413,SKU-1056,2,Vencido
DEV-02167,2023-06-12,C-00880,SKU-1017,2,Empaque defectuoso
DEV-02168,2024-07-25,C-01847,SKU-1085,7,Vencido
DEV-02169,24/06/2023,C-01648,SKU-1066,7,Vencido
DEV-02170,2023-06-16,C-02303,SKU-1074,3,Vencido
DEV-02171,23/09/2025,C-01306,SKU-1085,4,Error de despacho
DEV-02172,2025-10-02,C-90063,SKU-1073,2,Vencido
DEV-02173,29/09/2024,C-02253,SKU-1093,4,No solicitado
DEV-02174,25-07-2025,C-90110,SKU-1070,8,averiado
DEV-02175,07/05/2024,C-01651,SKU-1026,5,Producto averiado
DEV-02176,2025-07-15,C-01013,SKU-1057,1,PRODUCTO AVERIADO
DEV-02177,2026-06-20,C-01867,SKU-1093,6,Producto averiado
DEV-02178,22/06/2024,C-02285,SKU-1120,4,averiado
DEV-02179,03/01/2026,C-00506,SKU-1085,2,Empaque defectuoso
DEV-02180,13-03-2023,C-01874,SKU-1105,8,Empaque defectuoso
DEV-02181,2023-04-16,C-01514,SKU-1063,2,Error de despacho
DEV-02182,2024-01-30,C-01380,SKU-1092,6,Empaque defectuoso
DEV-02183,2024-05-11,C-01245,SKU-1085,1,Empaque defectuoso
DEV-02184,2025-08-12,C-00658,SKU-1062,8,PRODUCTO AVERIADO
DEV-02185,2023-12-31,C-01008,SKU-1089,8,Vencido
DEV-02186,2023-07-09,C-02174,SKU-1074,2,Empaque defectuoso
DEV-02187,08/29/2024,C-01799,SKU-1105,1,Error de despacho
DEV-02188,2023-10-09,C-01393,SKU-1085,5,Producto averiado
DEV-02189,2025-06-17,C-02332,SKU-1085,3,No solicitado
DEV-02190,2025-02-11,C-01247,SKU-1087,2,Error de despacho
DEV-02191,15-04-2026,C-90163,SKU-1048,1,Producto averiado
DEV-02192,2025-05-19,C-00819,SKU-1085,4,Error de despacho
DEV-02193,30/04/2026,C-00394,SKU-1092,6,Empaque defectuoso
DEV-02194,05/03/2023,C-00218,SKU-1021,6,No solicitado
DEV-02195,12/08/2025,C-01951,SKU-1126,5,Producto averiado
DEV-02196,2025-09-13,C-00685,SKU-1092,7,Empaque defectuoso
DEV-02197,2026-02-04,C-01973,SKU-1085,2,No solicitado
DEV-02198,2025-08-26,C-01571,SKU-1061,2,Empaque defectuoso
DEV-02199,13/09/2023,C-02000,SKU-1038,3,averiado
DEV-02200,26/11/2024,C-00493,SKU-1125,8,Vencido
DEV-02201,07/10/2024,C-00785,SKU-1034,5,No solicitado
DEV-02202,2024-06-11,C-00555,SKU-1114,2,Vencido
DEV-02203,2023-05-10,C-90111,SKU-1057,8,averiado
DEV-02204,2024-07-31,C-00154,SKU-1132,6,Empaque defectuoso
DEV-02205,08/16/2024,C-01166,SKU-1004,8,averiado
DEV-02206,10/15/2024,C-01152,SKU-1143,5,Error de despacho
DEV-02207,2023-09-20,C-90087,SKU-1085,5,averiado
DEV-02208,2024-04-09,C-01010,SKU-1085,5,No solicitado
DEV-02209,17/03/2025,C-00306,SKU-1017,7,PRODUCTO AVERIADO
DEV-02210,2024-03-29,C-00342,SKU-1085,2,Producto averiado
DEV-02211,2023-07-02,C-01068,SKU-1044,4,Vencido
DEV-02212,29/03/2026,C-01421,SKU-1085,1,Empaque defectuoso
DEV-02213,2024-10-04,C-01513,SKU-1024,8,Error de despacho
DEV-02214,04-10-2023,C-01988,SKU-1097,7,Error de despacho
DEV-02215,15-03-2025,C-01821,SKU-1015,3,averiado
DEV-02216,21/02/2023,C-90067,SKU-1066,1,averiado
DEV-02217,01/12/2024,C-00344,SKU-1018,8,Vencido
DEV-02218,2026-03-14,C-01990,SKU-1050,2,No solicitado
DEV-02219,04/18/2025,C-02183,SKU-1039,7,Vencido
DEV-02220,2023-04-13,C-02229,SKU-1089,3,PRODUCTO AVERIADO
DEV-02221,2025-07-30,C-00663,SKU-1123,4,Producto averiado
DEV-02222,09-08-2025,C-00095,SKU-1134,2,No solicitado
DEV-02223,2023-01-13,C-00805,SKU-1043,8,No solicitado
DEV-02224,2024-04-07,C-02198,SKU-1085,2,Producto averiado
DEV-02225,2024-08-28,C-02375,SKU-1089,5,No solicitado
DEV-02226,03/05/2026,C-02200,SKU-1085,3,Vencido
DEV-02227,2023-04-21,C-01168,SKU-1135,2,No solicitado
DEV-02228,2023-12-07,C-00104,SKU-1039,4,PRODUCTO AVERIADO
DEV-02229,2025-04-02,C-01194,SKU-1025,5,Error de despacho
DEV-02230,2025-10-16,C-02329,SKU-1046,5,PRODUCTO AVERIADO
DEV-02231,2024-03-23,C-00337,SKU-1010,2,Vencido
DEV-02232,28-07-2025,C-00856,SKU-1010,8,Vencido
DEV-02233,23/10/2025,C-00150,SKU-1000,3,Producto averiado
DEV-02234,2023-03-08,C-00216,SKU-1090,7,Producto averiado
DEV-02235,2025-10-11,C-00710,SKU-1033,3,No solicitado
DEV-02236,16-09-2024,C-90023,SKU-1042,1,Vencido
DEV-02237,2025-12-27,C-01609,SKU-1004,4,averiado
DEV-02238,16-06-2023,C-00548,SKU-1089,6,PRODUCTO AVERIADO
DEV-02239,2023-05-20,C-00389,SKU-1005,8,averiado
DEV-02240,2023-08-14,C-00186,SKU-1111,5,averiado
DEV-02241,12/04/2024,C-01745,SKU-1077,6,No solicitado
DEV-02242,09-03-2023,C-01145,SKU-1085,3,Error de despacho
DEV-02243,2023-02-25,C-90014,SKU-1115,5,averiado
DEV-02244,2023-07-11,C-01943,SKU-1114,5,averiado
DEV-02245,05-04-2026,C-00955,SKU-1060,4,Producto averiado
DEV-02246,2024-12-11,C-01112,SKU-1125,6,Error de despacho
DEV-02247,2024-03-23,C-01486,SKU-1075,5,averiado
DEV-02248,03-01-2026,C-01707,SKU-1149,5,No solicitado
DEV-02249,2023-09-22,C-02214,SKU-1094,7,averiado
DEV-02250,2023-12-17,C-01080,SKU-1139,7,Error de despacho
DEV-02251,2024-10-20,C-02103,SKU-1018,8,No solicitado
DEV-02252,26/05/2023,C-01395,SKU-1149,4,No solicitado
DEV-02253,2025-10-21,C-00400,SKU-1085,8,Vencido
DEV-02254,2024-09-06,C-01677,SKU-1008,5,Empaque defectuoso
DEV-02255,10/20/2025,C-00264,SKU-1115,4,averiado
DEV-02256,2025-11-27,C-01385,SKU-1107,1,No solicitado
DEV-02257,2024-11-28,C-00276,SKU-1070,7,Vencido
DEV-02258,19/05/2024,C-00078,SKU-1058,1,No solicitado
DEV-02259,2026-05-10,C-01255,SKU-1118,8,Error de despacho
DEV-02260,2025-08-08,C-00263,SKU-1085,2,No solicitado
DEV-02261,2025-07-21,C-00988,SKU-1055,4,Error de despacho
DEV-02262,26-01-2023,C-00963,SKU-1115,4,averiado
DEV-02263,05/20/2026,C-01444,SKU-1041,5,averiado
DEV-02264,26/06/2023,C-90156,SKU-1063,4,PRODUCTO AVERIADO
DEV-02265,11/09/2024,C-01071,SKU-1111,8,Vencido
DEV-02266,2024-12-21,C-02103,SKU-1130,4,No solicitado
DEV-02267,2024-09-20,C-02117,SKU-1085,2,Error de despacho
DEV-02268,23-04-2026,C-00515,SKU-1062,2,Error de despacho
DEV-02269,13/06/2023,C-01788,SKU-1121,2,No solicitado
DEV-02270,16/10/2025,C-00098,SKU-1029,5,Vencido
DEV-02271,2023-01-03,C-00241,SKU-1104,8,Vencido
DEV-02272,2025-09-14,C-90032,SKU-1057,8,PRODUCTO AVERIADO
DEV-02273,16/01/2026,C-90064,SKU-1146,4,Producto averiado
DEV-02274,2025-07-13,C-00216,SKU-1125,5,PRODUCTO AVERIADO
DEV-02275,09/27/2025,C-00509,SKU-1133,2,Vencido
DEV-02276,2025-12-12,C-00317,SKU-1004,3,Error de despacho
DEV-02277,2024-06-12,C-00834,SKU-1082,7,No solicitado
DEV-02278,10/09/2024,C-01759,SKU-1139,8,PRODUCTO AVERIADO
DEV-02279,12/11/2025,C-01542,SKU-1085,4,Error de despacho
DEV-02280,08/07/2024,C-00411,SKU-1085,8,Empaque defectuoso
DEV-02281,13/01/2025,C-00783,SKU-1136,2,Vencido
DEV-02282,06-09-2025,C-00345,SKU-1085,2,No solicitado
DEV-02283,16/06/2023,C-02271,SKU-1117,7,Empaque defectuoso
DEV-02284,2024-04-13,C-00642,SKU-1023,6,Producto averiado
DEV-02285,2023-12-20,C-00724,SKU-1124,7,Vencido
DEV-02286,2024-08-11,C-00993,SKU-1108,5,PRODUCTO AVERIADO
DEV-02287,2023-11-15,C-00818,SKU-1142,7,PRODUCTO AVERIADO
DEV-02288,2023-01-12,C-00803,SKU-1061,2,Error de despacho
DEV-02289,2026-01-14,C-00036,SKU-1028,1,PRODUCTO AVERIADO
DEV-02290,2026-01-04,C-90097,SKU-1088,6,No solicitado
DEV-02291,03-12-2023,C-02192,SKU-1016,1,Empaque defectuoso
DEV-02292,13/05/2023,C-00787,SKU-1003,4,PRODUCTO AVERIADO
DEV-02293,2024-04-11,C-01464,SKU-1022,6,Empaque defectuoso
DEV-02294,2024-07-12,C-90051,SKU-1085,7,Empaque defectuoso
DEV-02295,2024-04-21,C-01140,SKU-1021,3,Empaque defectuoso
DEV-02296,2025-07-26,C-00809,SKU-1031,5,No solicitado
DEV-02297,06/16/2026,C-90160,SKU-1057,7,No solicitado
DEV-02298,02/05/2023,C-01482,SKU-1083,4,PRODUCTO AVERIADO
DEV-02299,2025-02-25,C-00286,SKU-1085,3,PRODUCTO AVERIADO
DEV-02300,05-09-2023,C-01745,SKU-1085,7,Producto averiado
DEV-02301,19/08/2023,C-01662,SKU-1106,1,Producto averiado
DEV-02302,2023-08-03,C-00432,SKU-1111,1,PRODUCTO AVERIADO
DEV-02303,28-03-2024,C-01716,SKU-1077,1,Error de despacho
DEV-02304,04/22/2024,C-00527,SKU-1036,6,Vencido
DEV-02305,20/05/2024,C-01065,SKU-1123,8,PRODUCTO AVERIADO
DEV-02306,2025-03-24,C-00957,SKU-1139,7,Empaque defectuoso
DEV-02307,24-05-2024,C-00552,SKU-1111,2,Vencido
DEV-02308,2023-03-11,C-01680,SKU-1140,3,Producto averiado
DEV-02309,18-02-2026,C-00502,SKU-1017,2,PRODUCTO AVERIADO
DEV-02310,25/02/2025,C-01975,SKU-1088,3,averiado
DEV-02311,08/02/2024,C-01959,SKU-1027,8,Producto averiado
DEV-02312,30/12/2023,C-01556,SKU-1150,1,Producto averiado
DEV-02313,2023-10-25,C-00781,SKU-1100,6,Error de despacho
DEV-02314,2023-12-12,C-01609,SKU-1118,7,Empaque defectuoso
DEV-02315,2026-04-28,C-01381,SKU-1073,1,Producto averiado
DEV-02316,2024-11-13,C-02260,SKU-1016,4,No solicitado
DEV-02317,2024-06-10,C-00440,SKU-1120,6,PRODUCTO AVERIADO
DEV-02318,12/02/2023,C-02321,SKU-1012,7,Empaque defectuoso
DEV-02319,2024-01-08,C-01072,SKU-1070,7,PRODUCTO AVERIADO
DEV-02320,2025-01-27,C-00063,SKU-1004,6,averiado
DEV-02321,01/02/2025,C-01519,SKU-1048,3,PRODUCTO AVERIADO
DEV-02322,2023-07-31,C-01510,SKU-1123,4,PRODUCTO AVERIADO
DEV-02323,2026-03-13,C-02087,SKU-1075,5,Empaque defectuoso
DEV-02324,12/24/2025,C-01286,SKU-1085,4,Error de despacho
DEV-02325,06/15/2025,C-00621,SKU-1080,1,No solicitado
DEV-02326,05/05/2023,C-01634,SKU-1002,3,No solicitado
DEV-02327,2026-06-29,C-00804,SKU-1085,1,No solicitado
DEV-02328,2023-03-11,C-00497,SKU-1085,2,Vencido
DEV-02329,2024-07-18,C-01044,SKU-1085,8,Vencido
DEV-02330,2025-09-28,C-00388,SKU-1032,7,Error de despacho
DEV-02331,28-04-2025,C-00152,SKU-1117,4,No solicitado
DEV-02332,26-03-2024,C-00545,SKU-1123,6,Producto averiado
DEV-02333,03/29/2024,C-90142,SKU-1085,3,Error de despacho
DEV-02334,2023-04-10,C-90074,SKU-1070,2,PRODUCTO AVERIADO
DEV-02335,2026-05-29,C-02088,SKU-1085,4,PRODUCTO AVERIADO
DEV-02336,08/09/2025,C-00377,SKU-1113,7,Producto averiado
DEV-02337,12/02/2025,C-01633,SKU-1072,8,No solicitado
DEV-02338,25/01/2025,C-01077,SKU-1022,4,Error de despacho
DEV-02339,31/12/2025,C-01146,SKU-1007,8,PRODUCTO AVERIADO
DEV-02340,2024-07-23,C-02161,SKU-1115,2,Producto averiado
DEV-02341,2024-06-03,C-00216,SKU-1085,4,Vencido
DEV-02342,2024-05-08,C-00932,SKU-1085,2,PRODUCTO AVERIADO
DEV-02343,2024-12-19,C-00538,SKU-1085,5,averiado
DEV-02344,2024-04-06,C-00409,SKU-1078,3,No solicitado
DEV-02345,2025-06-03,C-02291,SKU-1110,5,PRODUCTO AVERIADO
DEV-02346,2025-03-10,C-01713,SKU-1051,3,Vencido
DEV-02347,21/06/2024,C-00045,SKU-1040,7,PRODUCTO AVERIADO
DEV-02348,2025-09-07,C-01235,SKU-1023,2,Producto averiado
DEV-02349,2024-03-12,C-01892,SKU-1016,2,averiado
DEV-02350,2025-05-22,C-01196,SKU-1132,7,Error de despacho
DEV-02351,2026-04-18,C-01144,SKU-1056,8,Producto averiado
DEV-02352,17/06/2023,C-00307,SKU-1001,6,PRODUCTO AVERIADO
DEV-02353,2024-07-17,C-01544,SKU-1084,6,Producto averiado
DEV-02354,05/08/2023,C-01989,SKU-1094,6,Vencido
DEV-02355,2025-09-26,C-01885,SKU-1023,4,Producto averiado
DEV-02356,2026-05-10,C-02214,SKU-1113,4,Vencido
DEV-02357,2025-11-09,C-02126,SKU-1079,2,Vencido
DEV-02358,08-03-2026,C-01927,SKU-1148,7,Producto averiado
DEV-02359,2024-09-26,C-90117,SKU-1137,1,averiado
DEV-02360,2025-05-17,C-01224,SKU-1082,2,Error de despacho
DEV-02361,2026-02-02,C-00677,SKU-1085,8,Vencido
DEV-02362,2026-04-04,C-00194,SKU-1047,5,No solicitado
DEV-02363,04/12/2023,C-01960,SKU-1085,5,Error de despacho
DEV-02364,2023-07-14,C-01454,SKU-1125,5,No solicitado
DEV-02365,2023-06-23,C-01573,SKU-1114,5,Error de despacho
DEV-02366,2025-04-18,C-00396,SKU-1085,6,Error de despacho
DEV-02367,2026-03-28,C-00511,SKU-1075,5,averiado
DEV-02368,2025-10-06,C-01754,SKU-1109,1,Empaque defectuoso
DEV-02369,2026-03-08,C-00626,SKU-1115,7,PRODUCTO AVERIADO
DEV-02370,2025-04-06,C-90005,SKU-1063,5,Producto averiado
DEV-02371,09-01-2025,C-01314,SKU-1129,3,averiado
DEV-02372,20-02-2025,C-00239,SKU-1132,1,averiado
DEV-02373,11-03-2025,C-02088,SKU-1126,7,averiado
DEV-02374,2024-06-25,C-01288,SKU-1085,2,No solicitado
DEV-02375,03/29/2024,C-01810,SKU-1085,4,No solicitado
DEV-02376,06-09-2023,C-01906,SKU-1085,4,Producto averiado
DEV-02377,18-01-2024,C-01471,SKU-1085,6,No solicitado
DEV-02378,20-08-2024,C-90146,SKU-1117,1,Producto averiado
DEV-02379,12-03-2026,C-01072,SKU-1119,7,Empaque defectuoso
DEV-02380,25-06-2024,C-02096,SKU-1089,1,PRODUCTO AVERIADO
DEV-02381,2023-03-01,C-02361,SKU-1059,2,Empaque defectuoso
DEV-02382,27-05-2026,C-00203,SKU-1143,1,Producto averiado
DEV-02383,2023-11-04,C-01628,SKU-1063,8,Producto averiado
DEV-02384,28/02/2025,C-00478,SKU-1110,1,Producto averiado
DEV-02385,2023-08-21,C-01132,SKU-1117,5,Error de despacho
DEV-02386,2024-03-17,C-01188,SKU-1067,5,Error de despacho
DEV-02387,03/05/2023,C-01428,SKU-1085,1,Error de despacho
DEV-02388,23/09/2025,C-00739,SKU-1111,7,averiado
DEV-02389,18/09/2024,C-02230,SKU-1047,2,No solicitado
DEV-02390,10/10/2025,C-02396,SKU-1064,4,Empaque defectuoso
DEV-02391,16/11/2025,C-01425,SKU-1148,4,No solicitado
DEV-02392,2026-03-31,C-01235,SKU-1066,5,Error de despacho
DEV-02393,02/08/2023,C-02324,SKU-1115,6,Vencido
DEV-02394,2024-08-08,C-00552,SKU-1085,6,Producto averiado
DEV-02395,10/10/2023,C-02387,SKU-1085,1,averiado
DEV-02396,2025-04-07,C-02316,SKU-1023,2,Error de despacho
DEV-02397,25-04-2025,C-01514,SKU-1085,7,Empaque defectuoso
DEV-02398,24/08/2025,C-01508,SKU-1103,2,Producto averiado
DEV-02399,12/08/2024,C-02025,SKU-1069,1,Error de despacho
DEV-02400,2024-05-08,C-00494,SKU-1086,6,PRODUCTO AVERIADO
DEV-02401,17-02-2026,C-90007,SKU-1009,5,PRODUCTO AVERIADO
DEV-02402,2025-09-23,C-00106,SKU-1085,3,averiado
DEV-02403,2023-02-22,C-00408,SKU-1085,4,Vencido
DEV-02404,02-12-2023,C-01983,SKU-1085,8,PRODUCTO AVERIADO
DEV-02405,2023-06-14,C-01480,SKU-1015,3,No solicitado
DEV-02406,2023-04-21,C-01633,SKU-1085,2,PRODUCTO AVERIADO
DEV-02407,15-06-2026,C-00743,SKU-1085,8,PRODUCTO AVERIADO
DEV-02408,2026-05-18,C-01659,SKU-1085,3,No solicitado
DEV-02409,2025-03-10,C-90123,SKU-1133,8,No solicitado
DEV-02410,2023-07-12,C-01942,SKU-1076,3,No solicitado
DEV-02411,02/07/2024,C-02113,SKU-1118,5,No solicitado
DEV-02412,13/05/2023,C-02308,SKU-1054,5,Vencido
DEV-02413,2023-09-22,C-02197,SKU-1079,3,Error de despacho
DEV-02414,03/11/2025,C-01461,SKU-1045,5,Vencido
DEV-02415,2026-03-10,C-90075,SKU-1105,1,No solicitado
DEV-02416,2024-07-06,C-01581,SKU-1069,1,Producto averiado
DEV-02417,2024-12-07,C-02321,SKU-1085,3,Vencido
DEV-02418,2024-01-28,C-90112,SKU-1116,6,Vencido
DEV-02419,12/13/2025,C-00306,SKU-1111,6,Vencido
DEV-02420,08/10/2024,C-90088,SKU-1085,1,PRODUCTO AVERIADO
DEV-02421,30-04-2025,C-01559,SKU-1146,2,averiado
DEV-02422,2026-06-30,C-00262,SKU-1105,4,Error de despacho
DEV-02423,2024-12-11,C-01397,SKU-1086,8,Error de despacho
DEV-02424,25-02-2025,C-01944,SKU-1085,1,Vencido
DEV-02425,02/05/2023,C-00980,SKU-1085,4,Vencido
DEV-02426,2026-04-01,C-01095,SKU-1029,3,Producto averiado
DEV-02427,2025-06-03,C-00012,SKU-1045,6,Producto averiado
DEV-02428,2026-05-05,C-00834,SKU-1131,8,Producto averiado
DEV-02429,2024-09-28,C-00088,SKU-1007,4,No solicitado
DEV-02430,23-10-2024,C-00250,SKU-1085,6,PRODUCTO AVERIADO
DEV-02431,2025-05-19,C-00851,SKU-1051,1,PRODUCTO AVERIADO
DEV-02432,2025-08-18,C-00839,SKU-1064,5,Error de despacho
DEV-02433,2023-03-02,C-00751,SKU-1085,6,No solicitado
DEV-02434,24/08/2024,C-00537,SKU-1045,4,Empaque defectuoso
DEV-02435,14/02/2023,C-00631,SKU-1019,3,Error de despacho
DEV-02436,03-06-2025,C-00788,SKU-1048,1,PRODUCTO AVERIADO
DEV-02437,2024-09-27,C-01946,SKU-1085,3,No solicitado
DEV-02438,2026-03-25,C-01206,SKU-1132,5,averiado
DEV-02439,06/24/2026,C-00286,SKU-1150,4,PRODUCTO AVERIADO
DEV-02440,13-05-2024,C-00361,SKU-1050,4,PRODUCTO AVERIADO
DEV-02441,2025-01-15,C-01953,SKU-1019,7,Vencido
DEV-02442,05/06/2025,C-01379,SKU-1046,3,PRODUCTO AVERIADO
DEV-02443,2025-05-05,C-00734,SKU-1115,5,Empaque defectuoso
DEV-02444,17/10/2023,C-00656,SKU-1101,4,Empaque defectuoso
DEV-02445,2023-11-04,C-01037,SKU-1003,6,Empaque defectuoso
DEV-02446,2023-06-19,C-01742,SKU-1077,6,No solicitado
DEV-02447,2025-09-08,C-01063,SKU-1071,3,No solicitado
DEV-02448,01/12/2024,C-00814,SKU-1079,5,Error de despacho
DEV-02449,2023-04-04,C-01253,SKU-1051,1,Producto averiado
DEV-02450,13-09-2025,C-01553,SKU-1086,6,Error de despacho
DEV-02451,24/12/2025,C-00481,SKU-1086,1,Error de despacho
DEV-02452,2025-04-23,C-00712,SKU-1073,8,Error de despacho
DEV-02453,2024-12-19,C-01952,SKU-1085,4,Empaque defectuoso
DEV-02454,13/09/2025,C-90169,SKU-1090,7,No solicitado
DEV-02455,04/07/2025,C-00916,SKU-1047,6,No solicitado
DEV-02456,2024-08-14,C-01521,SKU-1147,7,PRODUCTO AVERIADO
DEV-02457,02/11/2025,C-01787,SKU-1080,1,Error de despacho
DEV-02458,2023-02-08,C-00705,SKU-1037,2,Error de despacho
DEV-02459,2023-11-12,C-02272,SKU-1085,5,No solicitado
DEV-02460,2024-03-21,C-01829,SKU-1030,3,Empaque defectuoso
DEV-02461,01-10-2024,C-01076,SKU-1139,5,Vencido
DEV-02462,08/26/2024,C-00295,SKU-1029,3,Producto averiado
DEV-02463,16/01/2023,C-00890,SKU-1012,6,PRODUCTO AVERIADO
DEV-02464,2024-02-10,C-01171,SKU-1042,1,averiado
DEV-02465,2024-01-07,C-90035,SKU-1132,2,Vencido
DEV-02466,13-09-2023,C-01676,SKU-1051,2,PRODUCTO AVERIADO
DEV-02467,13/07/2025,C-02122,SKU-1082,5,Producto averiado
DEV-02468,22/05/2025,C-00910,SKU-1064,2,Error de despacho
DEV-02469,2024-08-22,C-00707,SKU-1090,7,Error de despacho
DEV-02470,2024-10-09,C-02271,SKU-1135,8,Error de despacho
DEV-02471,2025-10-24,C-01520,SKU-1036,2,PRODUCTO AVERIADO
DEV-02472,2024-07-13,C-01871,SKU-1072,8,No solicitado
DEV-02473,26/01/2023,C-00577,SKU-1025,7,averiado
DEV-02474,15-02-2023,C-00206,SKU-1036,5,PRODUCTO AVERIADO
DEV-02475,08-01-2026,C-01511,SKU-1055,8,Error de despacho
DEV-02476,25/04/2026,C-00308,SKU-1085,6,Error de despacho
DEV-02477,2025-01-01,C-00093,SKU-1069,3,PRODUCTO AVERIADO
DEV-02478,14-07-2023,C-00632,SKU-1085,4,PRODUCTO AVERIADO
DEV-02479,2026-01-20,C-00184,SKU-1034,1,Error de despacho
DEV-02480,11/04/2024,C-01223,SKU-1110,6,No solicitado
DEV-02481,2025-01-24,C-01183,SKU-1085,6,Empaque defectuoso
DEV-02482,2024-09-15,C-01928,SKU-1085,4,PRODUCTO AVERIADO
DEV-02483,2023-04-30,C-01440,SKU-1057,1,Producto averiado
DEV-02484,2026-05-28,C-00571,SKU-1013,8,PRODUCTO AVERIADO
DEV-02485,02/18/2024,C-00805,SKU-1056,6,Producto averiado
DEV-02486,06/03/2024,C-02097,SKU-1129,8,No solicitado
DEV-02487,2025-04-29,C-01344,SKU-1085,2,PRODUCTO AVERIADO
DEV-02488,28-03-2025,C-00971,SKU-1085,6,Error de despacho
DEV-02489,25/10/2025,C-01968,SKU-1085,6,Empaque defectuoso
DEV-02490,2024-11-14,C-90164,SKU-1085,5,Empaque defectuoso
DEV-02491,25-03-2026,C-00122,SKU-1085,3,No solicitado
DEV-02492,2025-11-04,C-00349,SKU-1028,4,Empaque defectuoso
DEV-02493,31/01/2023,C-01930,SKU-1120,8,Vencido
DEV-02494,2025-08-12,C-02137,SKU-1121,2,Empaque defectuoso
DEV-02495,2026-06-01,C-01415,SKU-1016,2,Vencido
DEV-02496,31-05-2024,C-00594,SKU-1053,3,PRODUCTO AVERIADO
DEV-02497,07/03/2025,C-01683,SKU-1031,2,Error de despacho
DEV-02498,23/03/2026,C-00882,SKU-1076,1,Error de despacho
DEV-02499,21/04/2023,C-00870,SKU-1039,1,Vencido
DEV-02500,2025-01-03,C-01091,SKU-1010,5,Producto averiado
DEV-02501,10/12/2023,C-02092,SKU-1085,8,PRODUCTO AVERIADO
DEV-02502,2025-01-13,C-90088,SKU-1122,3,PRODUCTO AVERIADO
DEV-02503,2023-12-04,C-01052,SKU-1038,4,averiado
DEV-02504,2023-01-25,C-00766,SKU-1085,4,Error de despacho
DEV-02505,05/06/2025,C-00786,SKU-1095,4,No solicitado
DEV-02506,15/06/2025,C-01254,SKU-1090,7,PRODUCTO AVERIADO
DEV-02507,30/03/2025,C-01646,SKU-1112,7,Producto averiado
DEV-02508,2023-03-16,C-00861,SKU-1085,3,Vencido
DEV-02509,2024-01-11,C-01273,SKU-1046,3,Vencido
DEV-02510,09/01/2025,C-02206,SKU-1130,7,Error de despacho
DEV-02511,2024-06-26,C-00212,SKU-1045,7,Vencido
DEV-02512,2023-10-04,C-01751,SKU-1085,6,Error de despacho
DEV-02513,31/07/2024,C-01033,SKU-1145,2,Vencido
DEV-02514,11/06/2026,C-01990,SKU-1028,7,PRODUCTO AVERIADO
DEV-02515,22/01/2023,C-01021,SKU-1085,6,averiado
DEV-02516,2024-11-09,C-00567,SKU-1043,5,No solicitado
DEV-02517,05-05-2025,C-00457,SKU-1019,8,Vencido
DEV-02518,21/04/2025,C-00634,SKU-1026,2,PRODUCTO AVERIADO
DEV-02519,2023-04-19,C-01855,SKU-1083,8,Vencido
DEV-02520,2024-05-14,C-01516,SKU-1086,2,averiado
DEV-02521,2023-10-15,C-02180,SKU-1085,3,Producto averiado
DEV-02522,2026-04-17,C-01874,SKU-1107,7,Empaque defectuoso
DEV-02523,2025-07-15,C-01214,SKU-1021,7,No solicitado
DEV-02524,11-03-2025,C-01135,SKU-1085,5,Vencido
DEV-02525,2024-01-19,C-01535,SKU-1000,8,PRODUCTO AVERIADO
DEV-02526,12/04/2026,C-90010,SKU-1007,3,Error de despacho
DEV-02527,2026-06-12,C-02289,SKU-1085,2,Error de despacho
DEV-02528,07/27/2024,C-01396,SKU-1014,5,Error de despacho
DEV-02529,2026-02-07,C-01143,SKU-1080,2,Vencido
DEV-02530,2026-06-15,C-90056,SKU-1085,7,PRODUCTO AVERIADO
DEV-02531,25/12/2025,C-01579,SKU-1073,3,PRODUCTO AVERIADO
DEV-02532,2025-02-15,C-00481,SKU-1009,6,Producto averiado
DEV-02533,02/19/2024,C-00963,SKU-1057,3,No solicitado
DEV-02534,2025-04-26,C-00843,SKU-1095,5,averiado
DEV-02535,2023-02-17,C-02292,SKU-1085,4,averiado
DEV-02536,11/24/2024,C-01948,SKU-1135,4,Producto averiado
DEV-02537,2023-06-25,C-00651,SKU-1032,8,Producto averiado
DEV-02538,2023-08-26,C-00324,SKU-1024,3,No solicitado
DEV-02539,2023-08-19,C-00186,SKU-1000,8,Vencido
DEV-02540,2023-07-18,C-02062,SKU-1111,8,PRODUCTO AVERIADO
DEV-02541,2023-05-05,C-00664,SKU-1085,6,PRODUCTO AVERIADO
DEV-02542,2025-06-06,C-01100,SKU-1085,7,Producto averiado
DEV-02543,2025-01-19,C-01664,SKU-1085,8,Error de despacho
DEV-02544,2026-01-10,C-01431,SKU-1134,8,PRODUCTO AVERIADO
DEV-02545,04-04-2025,C-01674,SKU-1057,5,No solicitado
DEV-02546,2026-01-03,C-00067,SKU-1126,5,Producto averiado
DEV-02547,03-07-2024,C-00694,SKU-1045,3,Vencido
DEV-02548,11-02-2025,C-00601,SKU-1054,4,No solicitado
DEV-02549,2023-12-15,C-01370,SKU-1132,2,Vencido
DEV-02550,2025-02-21,C-00200,SKU-1049,5,Error de despacho
DEV-02551,2023-05-17,C-01834,SKU-1146,2,PRODUCTO AVERIADO
DEV-02552,2023-01-26,C-00646,SKU-1085,3,Producto averiado
DEV-02553,2024-12-19,C-01245,SKU-1025,4,Empaque defectuoso
DEV-02554,2023-03-11,C-01988,SKU-1032,7,No solicitado
DEV-02555,20/08/2025,C-90074,SKU-1127,1,PRODUCTO AVERIADO
DEV-02556,2025-06-22,C-01091,SKU-1100,1,No solicitado
DEV-02557,09/11/2023,C-02006,SKU-1120,4,Empaque defectuoso
DEV-02558,2024-01-08,C-02138,SKU-1037,1,Producto averiado
DEV-02559,12/02/2024,C-01944,SKU-1071,7,Vencido
DEV-02560,26/06/2025,C-00628,SKU-1091,4,No solicitado
DEV-02561,12/12/2023,C-01372,SKU-1085,7,Vencido
DEV-02562,2025-03-31,C-01742,SKU-1085,8,Error de despacho
DEV-02563,2024-05-15,C-01881,SKU-1150,4,Vencido
DEV-02564,2024-06-28,C-00774,SKU-1085,2,Producto averiado
DEV-02565,2025-12-04,C-02284,SKU-1036,8,No solicitado
DEV-02566,2025-03-01,C-00565,SKU-1034,6,Empaque defectuoso
DEV-02567,02-06-2025,C-00317,SKU-1073,1,Vencido
DEV-02568,2026-01-23,C-01451,SKU-1011,4,Empaque defectuoso
DEV-02569,06/10/2024,C-01174,SKU-1055,3,averiado
DEV-02570,2024-12-26,C-01861,SKU-1147,2,PRODUCTO AVERIADO
DEV-02571,2023-10-21,C-01303,SKU-1085,4,averiado
DEV-02572,03/09/2025,C-01665,SKU-1079,6,Producto averiado
DEV-02573,05/12/2025,C-00539,SKU-1085,4,Error de despacho
DEV-02574,25/03/2023,C-00878,SKU-1002,2,Vencido
DEV-02575,01/23/2026,C-02167,SKU-1059,8,Error de despacho
DEV-02576,2023-07-18,C-01301,SKU-1121,4,Error de despacho
DEV-02577,31/05/2025,C-00390,SKU-1069,1,Producto averiado
DEV-02578,2024-09-19,C-00986,SKU-1111,2,PRODUCTO AVERIADO
DEV-02579,06/05/2026,C-00281,SKU-1085,4,Vencido
DEV-02580,28-09-2025,C-00148,SKU-1038,2,Producto averiado
DEV-02581,06/03/2025,C-02075,SKU-1145,2,Error de despacho
DEV-02582,2023-10-05,C-00286,SKU-1037,6,Error de despacho
DEV-02583,2024-03-25,C-00336,SKU-1085,7,PRODUCTO AVERIADO
DEV-02584,19/05/2026,C-01232,SKU-1128,6,Producto averiado
DEV-02585,2023-08-02,C-00433,SKU-1138,3,Vencido
DEV-02586,19-06-2024,C-00753,SKU-1031,6,averiado
DEV-02587,2025-08-05,C-00501,SKU-1136,4,Producto averiado
DEV-02588,09/07/2024,C-01713,SKU-1021,1,No solicitado
DEV-02589,08/12/2025,C-01255,SKU-1064,1,PRODUCTO AVERIADO
DEV-02590,2024-11-29,C-00762,SKU-1083,5,Vencido
DEV-02591,05-09-2025,C-01720,SKU-1004,7,Empaque defectuoso
DEV-02592,2025-02-13,C-02268,SKU-1115,1,Error de despacho
DEV-02593,14/12/2024,C-00254,SKU-1144,6,No solicitado
DEV-02594,05/05/2023,C-01941,SKU-1013,6,PRODUCTO AVERIADO
DEV-02595,2024-07-06,C-01810,SKU-1010,2,averiado
DEV-02596,2023-01-09,C-00783,SKU-1068,6,Error de despacho
DEV-02597,15/09/2025,C-00525,SKU-1008,3,Empaque defectuoso
DEV-02598,18-04-2024,C-00878,SKU-1085,2,Error de despacho
DEV-02599,12/03/2023,C-00798,SKU-1008,3,averiado
DEV-02600,07/06/2024,C-01441,SKU-1085,4,Empaque defectuoso
DEV-02601,24-10-2024,C-00340,SKU-1082,6,averiado
DEV-02602,2024-03-25,C-00844,SKU-1085,8,PRODUCTO AVERIADO
DEV-02603,29/11/2025,C-01951,SKU-1096,7,Vencido
DEV-02604,2023-05-27,C-01086,SKU-1085,6,Empaque defectuoso
DEV-02605,2023-09-17,C-01257,SKU-1085,5,No solicitado
DEV-02606,2024-08-21,C-00803,SKU-1057,1,PRODUCTO AVERIADO
DEV-02607,2023-10-18,C-00270,SKU-1118,3,averiado
DEV-02608,2023-08-19,C-00633,SKU-1042,7,PRODUCTO AVERIADO
DEV-02609,2024-01-16,C-01538,SKU-1058,3,Error de despacho
DEV-02610,09/09/2023,C-90003,SKU-1085,7,Producto averiado
DEV-02611,05/04/2026,C-00793,SKU-1064,1,No solicitado
DEV-02612,20/09/2024,C-00363,SKU-1060,8,No solicitado
DEV-02613,26/05/2026,C-00114,SKU-1108,4,PRODUCTO AVERIADO
DEV-02614,2024-03-15,C-01784,SKU-1115,7,Empaque defectuoso
DEV-02615,2023-12-23,C-01460,SKU-1085,5,PRODUCTO AVERIADO
DEV-02616,12/06/2026,C-00490,SKU-1085,5,No solicitado
DEV-02617,2024-08-14,C-90000,SKU-1126,7,Error de despacho
DEV-02618,2026-05-14,C-01320,SKU-1062,8,Empaque defectuoso
DEV-02619,2024-10-29,C-01396,SKU-1023,6,PRODUCTO AVERIADO
DEV-02620,2024-08-09,C-02114,SKU-1006,3,Producto averiado
DEV-02621,12-01-2026,C-01770,SKU-1122,8,Producto averiado
DEV-02622,2026-04-14,C-00178,SKU-1151,8,Error de despacho
DEV-02623,2025-09-10,C-02082,SKU-1076,3,Empaque defectuoso
DEV-02624,2023-11-21,C-02159,SKU-1048,1,Producto averiado
DEV-02625,2025-03-02,C-02013,SKU-1013,7,No solicitado
DEV-02626,2023-03-08,C-02061,SKU-1048,4,averiado
DEV-02627,2026-01-21,C-00329,SKU-1028,6,Producto averiado
DEV-02628,2023-03-02,C-02173,SKU-1042,5,Empaque defectuoso
DEV-02629,11/03/2025,C-02280,SKU-1143,5,Producto averiado
DEV-02630,2025-02-03,C-01828,SKU-1097,6,PRODUCTO AVERIADO
DEV-02631,02/03/2024,C-00789,SKU-1126,5,Vencido
DEV-02632,06-10-2024,C-00897,SKU-1031,6,Empaque defectuoso
DEV-02633,2026-02-17,C-00423,SKU-1051,6,Empaque defectuoso
DEV-02634,2023-10-10,C-01678,SKU-1085,8,Empaque defectuoso
DEV-02635,09-02-2023,C-01302,SKU-1092,2,Vencido
DEV-02636,11-09-2025,C-02128,SKU-1092,6,No solicitado
DEV-02637,18-01-2026,C-01871,SKU-1101,6,PRODUCTO AVERIADO
DEV-02638,2023-08-15,C-01483,SKU-1123,2,Error de despacho
DEV-02639,2024-04-02,C-01933,SKU-1085,5,Vencido
DEV-02640,2024-01-26,C-01520,SKU-1111,3,Empaque defectuoso
DEV-02641,16/10/2025,C-00581,SKU-1113,6,No solicitado
DEV-02642,23/10/2024,C-02277,SKU-1085,5,Empaque defectuoso
DEV-02643,15/06/2023,C-00297,SKU-1064,4,Producto averiado
DEV-02644,2023-01-25,C-02381,SKU-1121,6,Producto averiado
DEV-02645,24-02-2025,C-01097,SKU-1070,6,Error de despacho
DEV-02646,08/02/2024,C-00756,SKU-1085,5,Empaque defectuoso
DEV-02647,2026-02-24,C-01676,SKU-1133,7,Empaque defectuoso
DEV-02648,10/25/2023,C-00500,SKU-1070,5,Vencido
DEV-02649,2024-02-01,C-02234,SKU-1095,8,PRODUCTO AVERIADO
DEV-02650,18-02-2026,C-00114,SKU-1017,2,No solicitado
DEV-02651,2025-08-12,C-01626,SKU-1085,3,Vencido
DEV-02652,10/06/2025,C-00265,SKU-1058,6,Producto averiado
DEV-02653,2024-04-30,C-90127,SKU-1147,7,Empaque defectuoso
DEV-02654,19-10-2023,C-00014,SKU-1127,6,Producto averiado
DEV-02655,07/09/2023,C-02078,SKU-1085,8,averiado
DEV-02656,10-10-2025,C-02303,SKU-1009,2,Vencido
DEV-02657,2023-01-21,C-01784,SKU-1043,2,averiado
DEV-02658,2024-04-21,C-01482,SKU-1053,2,Producto averiado
DEV-02659,24/12/2024,C-01743,SKU-1031,7,Error de despacho
DEV-02660,27/01/2023,C-00324,SKU-1068,4,Producto averiado
DEV-02661,2024-09-13,C-01819,SKU-1072,4,No solicitado
DEV-02662,2026-01-10,C-00429,SKU-1151,1,averiado
DEV-02663,2026-05-11,C-90089,SKU-1085,8,Vencido
DEV-02664,2025-12-09,C-01276,SKU-1042,1,Vencido
DEV-02665,19/04/2026,C-01520,SKU-1040,2,Error de despacho
DEV-02666,2025-07-11,C-01513,SKU-1047,4,No solicitado
DEV-02667,2026-01-29,C-00913,SKU-1131,4,Vencido
DEV-02668,2024-03-29,C-01696,SKU-1124,8,PRODUCTO AVERIADO
DEV-02669,2025-10-18,C-02039,SKU-1102,7,No solicitado
DEV-02670,2024-11-28,C-00181,SKU-1097,3,Empaque defectuoso
DEV-02671,2023-09-11,C-00028,SKU-1064,3,Error de despacho
DEV-02672,2023-04-12,C-02360,SKU-1020,5,averiado
DEV-02673,05/04/2025,C-01725,SKU-1098,7,Error de despacho
DEV-02674,05-06-2025,C-00693,SKU-1085,2,Vencido
DEV-02675,2024-06-23,C-01043,SKU-1085,7,Producto averiado
DEV-02676,2025-03-26,C-01711,SKU-1085,4,averiado
DEV-02677,08/06/2023,C-00631,SKU-1045,7,Vencido
DEV-02678,13/03/2025,C-00462,SKU-1085,7,averiado
DEV-02679,04/05/2026,C-00818,SKU-1134,3,Vencido
DEV-02680,09-11-2024,C-02193,SKU-1100,6,averiado
DEV-02681,2024-04-10,C-01352,SKU-1085,2,Empaque defectuoso
DEV-02682,22-04-2025,C-00735,SKU-1085,3,averiado
DEV-02683,18/05/2026,C-00854,SKU-1085,4,Empaque defectuoso
DEV-02684,20/12/2023,C-00027,SKU-1143,3,Error de despacho
DEV-02685,2023-02-28,C-01760,SKU-1120,3,No solicitado
DEV-02686,2023-02-13,C-00928,SKU-1067,6,Producto averiado
DEV-02687,2023-08-23,C-00670,SKU-1085,6,averiado
DEV-02688,10-06-2025,C-01838,SKU-1028,3,Producto averiado
DEV-02689,2026-01-24,C-00537,SKU-1085,7,averiado
DEV-02690,2024-05-20,C-01090,SKU-1033,3,Error de despacho
DEV-02691,06/10/2025,C-01026,SKU-1142,3,Error de despacho
DEV-02692,26/04/2024,C-00798,SKU-1123,6,averiado
DEV-02693,27/01/2025,C-01299,SKU-1136,5,Producto averiado
DEV-02694,30-05-2026,C-01908,SKU-1085,8,PRODUCTO AVERIADO
DEV-02695,2026-06-03,C-00768,SKU-1021,4,Error de despacho
DEV-02696,18/10/2024,C-00955,SKU-1002,1,Empaque defectuoso
DEV-02697,2026-05-27,C-02055,SKU-1048,4,averiado
DEV-02698,06/16/2026,C-01317,SKU-1145,8,Empaque defectuoso
DEV-02699,2026-04-29,C-02272,SKU-1016,5,Vencido
DEV-02700,11-03-2023,C-01188,SKU-1020,5,averiado
DEV-02701,2024-03-15,C-00483,SKU-1108,2,PRODUCTO AVERIADO
DEV-02702,14-12-2024,C-00597,SKU-1084,1,Producto averiado
DEV-02703,12-10-2024,C-01083,SKU-1045,7,Vencido
DEV-02704,01/03/2025,C-02332,SKU-1085,8,No solicitado
DEV-02705,28/05/2023,C-01038,SKU-1072,4,Empaque defectuoso
DEV-02706,2024-10-28,C-00006,SKU-1085,1,PRODUCTO AVERIADO
DEV-02707,2023-10-22,C-01771,SKU-1096,8,averiado
DEV-02708,2023-02-02,C-02211,SKU-1085,8,Error de despacho
DEV-02709,12/06/2023,C-00313,SKU-1096,8,Vencido
DEV-02710,2025-10-12,C-00166,SKU-1085,8,Error de despacho
DEV-02711,2025-05-17,C-00494,SKU-1085,1,Empaque defectuoso
DEV-02712,2025-08-07,C-00908,SKU-1085,7,Producto averiado
DEV-02713,2025-07-02,C-90068,SKU-1013,5,averiado
DEV-02714,16/02/2026,C-00638,SKU-1032,3,No solicitado
DEV-02715,2025-02-24,C-00624,SKU-1085,4,PRODUCTO AVERIADO
DEV-02716,04/03/2024,C-01829,SKU-1115,2,Vencido
DEV-02717,02/06/2023,C-01393,SKU-1062,6,PRODUCTO AVERIADO
DEV-02718,09/06/2026,C-00511,SKU-1108,4,Error de despacho
DEV-02719,2023-12-03,C-00032,SKU-1019,1,Empaque defectuoso
DEV-02720,2026-04-21,C-02065,SKU-1148,8,Producto averiado
DEV-02721,20/01/2025,C-01879,SKU-1080,1,No solicitado
DEV-02722,2025-12-04,C-00330,SKU-1056,6,Error de despacho
DEV-02723,12/21/2024,C-01204,SKU-1151,4,Error de despacho
DEV-02724,24/05/2026,C-01461,SKU-1083,5,PRODUCTO AVERIADO
DEV-02725,07/04/2026,C-90004,SKU-1053,1,PRODUCTO AVERIADO
DEV-02726,2026-05-25,C-02230,SKU-1069,8,Producto averiado
DEV-02727,2026-04-24,C-01110,SKU-1077,7,Empaque defectuoso
DEV-02728,2023-07-05,C-01686,SKU-1085,2,Producto averiado
DEV-02729,02/03/2024,C-01724,SKU-1077,6,Empaque defectuoso
DEV-02730,2024-10-25,C-01844,SKU-1033,3,PRODUCTO AVERIADO
DEV-02731,2026-01-17,C-00482,SKU-1085,1,Error de despacho
DEV-02732,20/06/2025,C-00194,SKU-1085,1,Empaque defectuoso
DEV-02733,14-10-2025,C-00749,SKU-1045,7,Producto averiado
DEV-02734,08-02-2026,C-90158,SKU-1036,4,Error de despacho
DEV-02735,2024-05-01,C-01185,SKU-1140,2,Vencido
DEV-02736,05-06-2026,C-01085,SKU-1085,7,Error de despacho
DEV-02737,07/25/2025,C-01978,SKU-1085,6,No solicitado
DEV-02738,2024-06-22,C-00285,SKU-1095,7,Error de despacho
DEV-02739,06/24/2024,C-02015,SKU-1085,3,PRODUCTO AVERIADO
DEV-02740,2024-08-10,C-90143,SKU-1110,5,averiado
DEV-02741,18/10/2024,C-01185,SKU-1052,7,averiado
DEV-02742,2025-05-01,C-01995,SKU-1117,1,No solicitado
DEV-02743,11-03-2023,C-01082,SKU-1004,7,Producto averiado
DEV-02744,2023-05-14,C-01143,SKU-1095,2,Error de despacho
DEV-02745,04-01-2023,C-01371,SKU-1127,3,averiado
DEV-02746,10/10/2025,C-00401,SKU-1085,3,Empaque defectuoso
DEV-02747,21/12/2023,C-00015,SKU-1085,4,Vencido
DEV-02748,2024-02-01,C-00518,SKU-1141,4,Vencido
DEV-02749,10/21/2023,C-01964,SKU-1087,5,Error de despacho
DEV-02750,03/17/2023,C-02069,SKU-1126,4,PRODUCTO AVERIADO
DEV-02751,2025-03-11,C-01192,SKU-1065,7,PRODUCTO AVERIADO
DEV-02752,2023-08-31,C-02328,SKU-1026,8,Empaque defectuoso
DEV-02753,04/07/2025,C-01623,SKU-1061,5,Error de despacho
DEV-02754,2023-07-04,C-01530,SKU-1085,5,Error de despacho
DEV-02755,2025-01-31,C-01567,SKU-1046,3,Producto averiado
DEV-02756,20-05-2024,C-00095,SKU-1023,3,Error de despacho
DEV-02757,12/11/2024,C-01059,SKU-1117,6,Error de despacho
DEV-02758,2024-12-06,C-00493,SKU-1119,1,averiado
DEV-02759,2023-07-24,C-00628,SKU-1085,8,PRODUCTO AVERIADO
DEV-02760,2024-07-31,C-01317,SKU-1085,7,PRODUCTO AVERIADO
DEV-02761,18/01/2024,C-00952,SKU-1133,6,Empaque defectuoso
DEV-02762,2023-01-09,C-01530,SKU-1016,6,PRODUCTO AVERIADO
DEV-02763,08/07/2025,C-01145,SKU-1132,5,PRODUCTO AVERIADO
DEV-02764,2025-07-26,C-01788,SKU-1075,1,Producto averiado
DEV-02765,21-06-2026,C-00382,SKU-1040,1,No solicitado
DEV-02766,11/09/2024,C-01925,SKU-1146,4,Empaque defectuoso
DEV-02767,2023-11-15,C-00200,SKU-1112,7,Producto averiado
DEV-02768,29/10/2023,C-90089,SKU-1099,2,Error de despacho
DEV-02769,21/09/2023,C-01579,SKU-1059,1,PRODUCTO AVERIADO
DEV-02770,2026-02-02,C-00027,SKU-1040,5,averiado
DEV-02771,23/11/2024,C-01921,SKU-1085,7,averiado
DEV-02772,2024-12-17,C-02048,SKU-1118,4,No solicitado
DEV-02773,2024-01-05,C-01370,SKU-1084,4,averiado
DEV-02774,05/14/2023,C-01796,SKU-1081,3,Empaque defectuoso
DEV-02775,30-04-2025,C-00238,SKU-1085,1,Empaque defectuoso
DEV-02776,06/22/2023,C-01706,SKU-1085,3,averiado
DEV-02777,24/10/2024,C-02087,SKU-1085,1,Producto averiado
DEV-02778,2024-09-08,C-00832,SKU-1000,2,Producto averiado
DEV-02779,09/26/2025,C-00922,SKU-1085,1,PRODUCTO AVERIADO
DEV-02780,28-12-2024,C-02354,SKU-1058,8,averiado
DEV-02781,22-02-2024,C-90153,SKU-1133,6,Empaque defectuoso
DEV-02782,2023-09-29,C-01360,SKU-1085,2,PRODUCTO AVERIADO
DEV-02783,18-09-2023,C-00587,SKU-1085,1,No solicitado
DEV-02784,21-10-2023,C-01001,SKU-1047,7,PRODUCTO AVERIADO
DEV-02785,03/01/2025,C-00823,SKU-1031,3,Vencido
DEV-02786,2023-02-10,C-00289,SKU-1000,6,Error de despacho
DEV-02787,2025-10-11,C-90093,SKU-1085,4,Producto averiado
DEV-02788,03/30/2024,C-01819,SKU-1091,4,Producto averiado
DEV-02789,14/09/2023,C-02048,SKU-1034,1,PRODUCTO AVERIADO
DEV-02790,2025-10-08,C-01567,SKU-1022,1,Vencido
DEV-02791,07/06/2025,C-00328,SKU-1085,2,No solicitado
DEV-02792,14/05/2026,C-00459,SKU-1057,1,Empaque defectuoso
DEV-02793,2023-06-11,C-00301,SKU-1117,4,Producto averiado
DEV-02794,2025-06-01,C-00647,SKU-1142,6,No solicitado
DEV-02795,2023-03-31,C-00452,SKU-1038,3,Error de despacho
DEV-02796,08/11/2025,C-00289,SKU-1112,5,No solicitado
DEV-02797,2024-08-20,C-01206,SKU-1063,8,Producto averiado
DEV-02798,2024-02-05,C-90059,SKU-1027,1,Error de despacho
DEV-02799,2023-07-10,C-90049,SKU-1128,6,Producto averiado
DEV-02800,16/07/2023,C-01771,SKU-1097,3,Vencido
DEV-02801,2025-07-06,C-02394,SKU-1114,7,Vencido
DEV-02802,21/03/2024,C-01889,SKU-1004,7,No solicitado
DEV-02803,08-07-2024,C-00064,SKU-1025,7,No solicitado
DEV-02804,2023-01-25,C-01510,SKU-1085,3,Vencido
DEV-02805,20/08/2025,C-01940,SKU-1103,1,averiado
DEV-02806,2026-03-27,C-90150,SKU-1000,8,Error de despacho
DEV-02807,08/16/2023,C-02135,SKU-1094,3,PRODUCTO AVERIADO
DEV-02808,2024-02-16,C-01582,SKU-1108,6,Empaque defectuoso
DEV-02809,2024-06-16,C-01059,SKU-1038,3,No solicitado
DEV-02810,10-05-2025,C-02368,SKU-1028,1,PRODUCTO AVERIADO
DEV-02811,2025-10-03,C-00493,SKU-1085,5,No solicitado
DEV-02812,04-02-2023,C-00269,SKU-1080,3,Vencido
DEV-02813,11/13/2023,C-00778,SKU-1144,8,No solicitado
DEV-02814,17-10-2023,C-02040,SKU-1091,1,averiado
DEV-02815,2025-07-26,C-02278,SKU-1130,3,PRODUCTO AVERIADO
DEV-02816,2023-01-24,C-02207,SKU-1121,2,Error de despacho
DEV-02817,31-03-2024,C-00957,SKU-1085,6,Empaque defectuoso
DEV-02818,2023-09-04,C-01148,SKU-1039,3,Error de despacho
DEV-02819,12-07-2024,C-00235,SKU-1085,8,Empaque defectuoso
DEV-02820,23/02/2023,C-01339,SKU-1111,2,averiado
DEV-02821,26/06/2025,C-01914,SKU-1082,8,averiado
DEV-02822,2023-08-14,C-01567,SKU-1050,1,PRODUCTO AVERIADO
DEV-02823,23/12/2024,C-01241,SKU-1043,8,Producto averiado
DEV-02824,09/06/2023,C-00007,SKU-1008,7,Error de despacho
DEV-02825,2024-02-13,C-00951,SKU-1121,8,Vencido
DEV-02826,2023-11-19,C-02241,SKU-1135,5,Error de despacho
DEV-02827,2025-02-19,C-01651,SKU-1006,8,Empaque defectuoso
DEV-02828,2023-08-03,C-02082,SKU-1009,7,Vencido
DEV-02829,2023-07-08,C-00219,SKU-1111,4,No solicitado
DEV-02830,2024-10-01,C-00248,SKU-1137,2,No solicitado
DEV-02831,2023-04-23,C-01761,SKU-1085,3,No solicitado
DEV-02832,2025-02-24,C-90131,SKU-1005,8,Vencido
DEV-02833,2024-01-22,C-00363,SKU-1061,7,Producto averiado
DEV-02834,2024-03-19,C-90049,SKU-1085,4,Empaque defectuoso
DEV-02835,23/08/2024,C-00111,SKU-1101,5,No solicitado
DEV-02836,2026-02-02,C-90152,SKU-1001,8,Producto averiado
DEV-02837,2024-11-17,C-00827,SKU-1054,4,Vencido
DEV-02838,2026-03-19,C-00568,SKU-1027,6,Error de despacho
DEV-02839,2025-01-15,C-00963,SKU-1127,8,averiado
DEV-02840,2024-07-18,C-00912,SKU-1078,2,PRODUCTO AVERIADO
DEV-02841,2023-09-10,C-00360,SKU-1058,6,Vencido
DEV-02842,28/09/2025,C-00942,SKU-1106,2,Vencido
DEV-02843,17-10-2023,C-00240,SKU-1024,3,averiado
DEV-02844,20/02/2026,C-00242,SKU-1042,1,No solicitado
DEV-02845,2025-03-20,C-01588,SKU-1132,6,Empaque defectuoso
DEV-02846,2025-03-17,C-01912,SKU-1091,8,Error de despacho
DEV-02847,05-03-2024,C-01982,SKU-1119,5,No solicitado
DEV-02848,22/04/2024,C-02281,SKU-1116,7,No solicitado
DEV-02849,2026-02-18,C-01033,SKU-1085,7,Producto averiado
DEV-02850,2023-02-03,C-01649,SKU-1055,7,Empaque defectuoso
DEV-02851,2025-01-17,C-00190,SKU-1085,7,No solicitado
DEV-02852,2023-04-09,C-02299,SKU-1052,4,No solicitado
DEV-02853,2023-12-18,C-01026,SKU-1092,4,No solicitado
DEV-02854,2024-10-23,C-01765,SKU-1062,8,Producto averiado
DEV-02855,2023-09-11,C-01140,SKU-1001,2,Producto averiado
DEV-02856,25/01/2023,C-00367,SKU-1085,4,PRODUCTO AVERIADO
DEV-02857,2023-04-01,C-01494,SKU-1022,6,averiado
DEV-02858,11/01/2023,C-00039,SKU-1085,3,No solicitado
DEV-02859,12/04/2025,C-01413,SKU-1085,6,PRODUCTO AVERIADO
DEV-02860,12/07/2024,C-00665,SKU-1041,2,averiado
DEV-02861,2023-05-24,C-00954,SKU-1039,3,No solicitado
DEV-02862,2023-12-03,C-00088,SKU-1085,6,PRODUCTO AVERIADO
DEV-02863,03/08/2024,C-01842,SKU-1085,2,No solicitado
DEV-02864,2025-12-12,C-01087,SKU-1093,4,Empaque defectuoso
DEV-02865,2023-08-12,C-00651,SKU-1006,2,PRODUCTO AVERIADO
DEV-02866,08/09/2023,C-02054,SKU-1085,7,averiado
DEV-02867,2024-08-01,C-02107,SKU-1141,5,Error de despacho
DEV-02868,2023-05-20,C-00105,SKU-1137,2,Vencido
DEV-02869,2023-01-22,C-00116,SKU-1089,8,No solicitado
DEV-02870,2024-09-22,C-00930,SKU-1000,1,Empaque defectuoso
DEV-02871,10/29/2024,C-01293,SKU-1024,1,averiado
DEV-02872,2026-01-14,C-00788,SKU-1086,6,averiado
DEV-02873,2023-01-08,C-00481,SKU-1063,6,Error de despacho
DEV-02874,04/02/2026,C-01783,SKU-1032,2,Empaque defectuoso
DEV-02875,2023-10-26,C-01626,SKU-1145,7,Vencido
DEV-02876,26/01/2023,C-01286,SKU-1147,4,Vencido
DEV-02877,18/04/2023,C-00554,SKU-1051,2,Empaque defectuoso
DEV-02878,08-01-2024,C-02214,SKU-1085,2,PRODUCTO AVERIADO
DEV-02879,05/27/2025,C-00305,SKU-1150,4,Vencido
DEV-02880,2026-01-27,C-01723,SKU-1118,3,Producto averiado
DEV-02881,25/12/2025,C-00194,SKU-1096,5,No solicitado
DEV-02882,2026-05-13,C-01276,SKU-1085,7,Producto averiado
DEV-02883,26-11-2024,C-00799,SKU-1073,5,Error de despacho
DEV-02884,2023-01-18,C-02074,SKU-1085,7,averiado
DEV-02885,01-06-2023,C-01050,SKU-1060,8,Vencido
DEV-02886,17/07/2024,C-01129,SKU-1096,5,PRODUCTO AVERIADO
DEV-02887,01-03-2025,C-01325,SKU-1124,5,Empaque defectuoso
DEV-02888,2025-06-22,C-02265,SKU-1092,1,No solicitado
DEV-02889,31/01/2026,C-01737,SKU-1150,1,Empaque defectuoso
DEV-02890,27/12/2023,C-00352,SKU-1085,5,Error de despacho
DEV-02891,14/11/2024,C-00662,SKU-1045,5,PRODUCTO AVERIADO
DEV-02892,2023-05-19,C-01075,SKU-1085,3,No solicitado
DEV-02893,2024-08-11,C-01772,SKU-1145,2,Vencido
DEV-02894,2024-06-28,C-00618,SKU-1085,4,Empaque defectuoso
DEV-02895,07-08-2024,C-00433,SKU-1031,1,Vencido
DEV-02896,2025-07-11,C-00933,SKU-1091,1,PRODUCTO AVERIADO
DEV-02897,2026-03-10,C-00441,SKU-1085,5,averiado
DEV-02898,2025-12-26,C-00254,SKU-1035,8,Empaque defectuoso
DEV-02899,2025-03-03,C-00588,SKU-1057,1,Error de despacho
DEV-02900,13/09/2023,C-01897,SKU-1094,6,Vencido
DEV-02901,28/01/2025,C-00032,SKU-1063,5,averiado
DEV-02902,23/01/2024,C-02049,SKU-1105,4,Producto averiado
DEV-02903,2025-08-29,C-01101,SKU-1085,7,Producto averiado
DEV-02904,2026-05-11,C-01839,SKU-1020,2,Empaque defectuoso
DEV-02905,17-01-2023,C-01657,SKU-1125,1,No solicitado
DEV-02906,2026-02-06,C-01846,SKU-1068,1,Empaque defectuoso
DEV-02907,05/25/2024,C-00033,SKU-1085,4,Empaque defectuoso
DEV-02908,25/06/2025,C-00184,SKU-1119,6,Vencido
DEV-02909,2023-02-09,C-01946,SKU-1141,2,Vencido
DEV-02910,2025-04-03,C-01958,SKU-1085,3,averiado
DEV-02911,2025-08-15,C-01975,SKU-1057,2,Error de despacho
DEV-02912,2024-09-29,C-01069,SKU-1119,3,Empaque defectuoso
DEV-02913,20/04/2026,C-90097,SKU-1043,2,No solicitado
DEV-02914,2025-04-19,C-02312,SKU-1133,7,Empaque defectuoso
DEV-02915,2026-01-30,C-00507,SKU-1040,5,No solicitado
DEV-02916,05/04/2023,C-02123,SKU-1085,7,averiado
DEV-02917,29/03/2023,C-01903,SKU-1026,8,Empaque defectuoso
DEV-02918,07-11-2023,C-01960,SKU-1082,8,averiado
DEV-02919,2024-09-25,C-02227,SKU-1131,6,Error de despacho
DEV-02920,2026-02-16,C-02157,SKU-1141,4,Vencido
DEV-02921,2025-12-04,C-01888,SKU-1085,7,Vencido
DEV-02922,16/03/2024,C-01339,SKU-1074,4,PRODUCTO AVERIADO
DEV-02923,27/03/2023,C-01236,SKU-1073,3,Vencido
DEV-02924,28/03/2025,C-00713,SKU-1093,4,PRODUCTO AVERIADO
DEV-02925,16-11-2024,C-00905,SKU-1085,6,No solicitado
DEV-02926,07/06/2024,C-90174,SKU-1115,5,Empaque defectuoso
DEV-02927,2026-03-30,C-01447,SKU-1106,6,Producto averiado
DEV-02928,2023-11-13,C-02361,SKU-1085,6,Producto averiado
DEV-02929,26/10/2023,C-01338,SKU-1002,1,No solicitado
DEV-02930,03/03/2023,C-00801,SKU-1030,1,Error de despacho
DEV-02931,21/06/2025,C-01110,SKU-1085,5,Empaque defectuoso
DEV-02932,2025-10-06,C-01799,SKU-1113,4,averiado
DEV-02933,2023-02-06,C-02035,SKU-1046,5,Error de despacho
DEV-02934,2026-06-19,C-00295,SKU-1085,4,PRODUCTO AVERIADO
DEV-02935,2023-02-09,C-02049,SKU-1083,7,Error de despacho
DEV-02936,30/03/2026,C-01610,SKU-1144,7,Empaque defectuoso
DEV-02937,2024-10-29,C-00700,SKU-1085,7,averiado
DEV-02938,2024-10-05,C-01384,SKU-1119,6,PRODUCTO AVERIADO
DEV-02939,2024-05-08,C-01283,SKU-1085,8,averiado
DEV-02940,30/11/2024,C-01386,SKU-1083,1,Vencido
DEV-02941,02-11-2023,C-00214,SKU-1085,5,PRODUCTO AVERIADO
DEV-02942,10/09/2024,C-01566,SKU-1107,7,Vencido
DEV-02943,11/10/2025,C-02211,SKU-1029,2,Error de despacho
DEV-02944,06-06-2025,C-02354,SKU-1085,1,PRODUCTO AVERIADO
DEV-02945,05-11-2025,C-00870,SKU-1089,5,Empaque defectuoso
DEV-02946,2024-01-10,C-01858,SKU-1102,2,PRODUCTO AVERIADO
DEV-02947,2023-07-08,C-00755,SKU-1092,5,Vencido
DEV-02948,2025-05-27,C-01420,SKU-1085,1,averiado
DEV-02949,27/02/2024,C-01160,SKU-1033,4,PRODUCTO AVERIADO
DEV-02950,07/19/2025,C-00700,SKU-1107,5,averiado
DEV-02951,2023-04-28,C-01338,SKU-1008,1,Vencido
DEV-02952,2023-11-22,C-00789,SKU-1029,4,PRODUCTO AVERIADO
DEV-02953,2025-02-17,C-01394,SKU-1085,3,Producto averiado
DEV-02954,2023-10-24,C-01489,SKU-1020,6,Vencido
DEV-02955,03/05/2025,C-01687,SKU-1129,8,PRODUCTO AVERIADO
DEV-02956,2024-09-23,C-90113,SKU-1147,4,PRODUCTO AVERIADO
DEV-02957,2026-05-02,C-01453,SKU-1130,2,averiado
DEV-02958,30-06-2026,C-02184,SKU-1066,7,Error de despacho
DEV-02959,2025-12-31,C-00270,SKU-1012,2,Error de despacho
DEV-02960,18/04/2025,C-00856,SKU-1085,8,Producto averiado
DEV-02961,2025-06-29,C-01786,SKU-1067,1,averiado
DEV-02962,2023-12-27,C-01995,SKU-1119,5,No solicitado
DEV-02963,2024-05-26,C-00024,SKU-1070,3,Vencido
DEV-02964,12/05/2024,C-01926,SKU-1115,8,Producto averiado
DEV-02965,2024-01-18,C-00324,SKU-1085,7,Empaque defectuoso
DEV-02966,2024-09-23,C-90167,SKU-1085,2,averiado
DEV-02967,2024-01-31,C-01522,SKU-1081,3,Empaque defectuoso
DEV-02968,30-04-2025,C-00817,SKU-1117,8,Vencido
DEV-02969,12-03-2025,C-01676,SKU-1098,7,averiado
DEV-02970,2024-03-06,C-90071,SKU-1111,6,No solicitado
DEV-02971,2025-11-01,C-00010,SKU-1041,5,Empaque defectuoso
DEV-02972,16-05-2023,C-02050,SKU-1035,2,PRODUCTO AVERIADO
DEV-02973,05-01-2025,C-01573,SKU-1034,1,Vencido
DEV-02974,01/02/2024,C-01390,SKU-1085,3,PRODUCTO AVERIADO
DEV-02975,28/10/2024,C-01377,SKU-1001,6,Error de despacho
DEV-02976,2024-06-03,C-01922,SKU-1046,6,PRODUCTO AVERIADO
DEV-02977,27-10-2023,C-01703,SKU-1143,6,Vencido
DEV-02978,28/03/2023,C-02031,SKU-1085,6,PRODUCTO AVERIADO
DEV-02979,2026-06-12,C-00815,SKU-1140,5,Empaque defectuoso
DEV-02980,18/06/2026,C-02366,SKU-1075,6,No solicitado
DEV-02981,2025-03-11,C-01979,SKU-1006,5,No solicitado
DEV-02982,07/14/2023,C-01984,SKU-1085,1,averiado
DEV-02983,06/04/2023,C-02181,SKU-1127,3,No solicitado
DEV-02984,2024-07-29,C-00922,SKU-1115,2,Error de despacho
DEV-02985,17/03/2025,C-02216,SKU-1085,8,Error de despacho
DEV-02986,2025-06-19,C-01076,SKU-1085,1,No solicitado
DEV-02987,2025-09-09,C-01674,SKU-1148,3,PRODUCTO AVERIADO
DEV-02988,2024-02-11,C-01172,SKU-1034,5,Error de despacho
DEV-02989,2023-08-15,C-00839,SKU-1118,7,averiado
DEV-02990,2024-12-11,C-00399,SKU-1040,3,averiado
DEV-02991,07/02/2024,C-00969,SKU-1139,5,No solicitado
DEV-02992,16/09/2024,C-01751,SKU-1007,8,Producto averiado
DEV-02993,2026-04-11,C-90023,SKU-1092,2,PRODUCTO AVERIADO
DEV-02994,13/12/2025,C-00553,SKU-1128,6,Error de despacho
DEV-02995,01/04/2026,C-90171,SKU-1102,4,Empaque defectuoso
DEV-02996,15/02/2023,C-00945,SKU-1008,3,averiado
DEV-02997,2024-06-21,C-01943,SKU-1064,5,No solicitado
DEV-02998,08/24/2025,C-90121,SKU-1141,1,Producto averiado
DEV-02999,05/13/2024,C-00362,SKU-1131,2,Empaque defectuoso
DEV-03000,2023-08-12,C-00608,SKU-1124,3,averiado
DEV-03001,2023-01-04,C-00429,SKU-1019,7,Error de despacho
DEV-03002,21-05-2026,C-90044,SKU-1082,5,Error de despacho
DEV-03003,2025-11-14,C-90028,SKU-1085,1,No solicitado
DEV-03004,2026-05-06,C-01950,SKU-1085,7,Producto averiado
DEV-03005,2024-03-02,C-00154,SKU-1129,5,averiado
DEV-03006,06/06/2023,C-02369,SKU-1033,5,Vencido
DEV-03007,09/07/2025,C-01762,SKU-1102,4,Vencido
DEV-03008,2023-08-09,C-00518,SKU-1141,2,Empaque defectuoso
DEV-03009,2023-09-27,C-00642,SKU-1085,5,Error de despacho
DEV-03010,02/02/2025,C-01029,SKU-1022,3,Empaque defectuoso
DEV-03011,03/11/2025,C-00698,SKU-1049,6,Empaque defectuoso
DEV-03012,17/10/2025,C-01205,SKU-1108,6,PRODUCTO AVERIADO
DEV-03013,2023-02-03,C-01928,SKU-1085,8,Vencido
DEV-03014,02/04/2024,C-01220,SKU-1097,8,Error de despacho
DEV-03015,19-04-2026,C-02188,SKU-1149,3,averiado
DEV-03016,26/02/2023,C-01472,SKU-1051,3,Producto averiado
DEV-03017,2024-05-26,C-00391,SKU-1118,2,averiado
DEV-03018,2023-12-10,C-00445,SKU-1098,4,Empaque defectuoso
DEV-03019,2024-05-11,C-01391,SKU-1052,7,Error de despacho
DEV-03020,14/12/2024,C-90125,SKU-1103,8,Error de despacho
DEV-03021,06-11-2024,C-01644,SKU-1034,1,PRODUCTO AVERIADO
DEV-03022,15/02/2024,C-02317,SKU-1076,2,Error de despacho
DEV-03023,2025-02-18,C-02174,SKU-1128,7,Producto averiado
DEV-03024,2024-06-09,C-01886,SKU-1011,8,PRODUCTO AVERIADO
DEV-03025,15-11-2024,C-01290,SKU-1085,6,Vencido
DEV-03026,2023-11-18,C-02004,SKU-1098,8,Empaque defectuoso
DEV-03027,22/07/2024,C-90026,SKU-1003,2,PRODUCTO AVERIADO
DEV-03028,20-04-2024,C-01946,SKU-1097,4,PRODUCTO AVERIADO
DEV-03029,2026-06-19,C-01364,SKU-1027,3,No solicitado
DEV-03030,2023-12-18,C-00828,SKU-1085,4,Vencido
DEV-03031,2024-02-05,C-00889,SKU-1095,4,Empaque defectuoso
DEV-03032,2023-08-26,C-01310,SKU-1085,6,averiado
DEV-03033,25/08/2024,C-00902,SKU-1085,5,Empaque defectuoso
DEV-03034,27/06/2024,C-00949,SKU-1085,8,Error de despacho
DEV-03035,23/05/2026,C-00998,SKU-1076,3,Empaque defectuoso
DEV-03036,2025-01-08,C-02045,SKU-1085,6,Producto averiado
DEV-03037,2024-08-07,C-00882,SKU-1085,3,Empaque defectuoso
DEV-03038,2023-05-30,C-90123,SKU-1067,1,averiado
DEV-03039,2023-02-04,C-00111,SKU-1056,3,Empaque defectuoso
DEV-03040,2023-02-06,C-01365,SKU-1062,8,PRODUCTO AVERIADO
DEV-03041,2023-07-22,C-02129,SKU-1025,7,Empaque defectuoso
DEV-03042,29-01-2024,C-00265,SKU-1085,1,PRODUCTO AVERIADO
DEV-03043,08/09/2023,C-90080,SKU-1142,4,Producto averiado
DEV-03044,15-09-2024,C-00353,SKU-1104,8,No solicitado
DEV-03045,2025-11-04,C-00040,SKU-1008,4,PRODUCTO AVERIADO
DEV-03046,2023-09-09,C-01860,SKU-1040,1,No solicitado
DEV-03047,2026-01-07,C-01085,SKU-1088,7,PRODUCTO AVERIADO
DEV-03048,2024-05-13,C-01366,SKU-1031,8,PRODUCTO AVERIADO
DEV-03049,18-10-2025,C-90131,SKU-1085,1,averiado
DEV-03050,2024-06-11,C-00553,SKU-1085,3,Producto averiado
DEV-03051,2026-01-22,C-01585,SKU-1052,4,Error de despacho
DEV-03052,21-11-2024,C-01798,SKU-1144,3,PRODUCTO AVERIADO
DEV-03053,29/08/2025,C-02189,SKU-1074,6,No solicitado
DEV-03054,30-10-2025,C-00638,SKU-1085,7,Vencido
DEV-03055,2026-05-19,C-00213,SKU-1140,4,averiado
DEV-03056,12-03-2026,C-01902,SKU-1085,2,PRODUCTO AVERIADO
DEV-03057,05/04/2024,C-01216,SKU-1085,6,averiado
DEV-03058,2026-04-29,C-00765,SKU-1121,2,averiado
DEV-03059,19/04/2025,C-00004,SKU-1043,8,averiado
DEV-03060,2024-10-18,C-00341,SKU-1089,3,Producto averiado
DEV-03061,2023-01-24,C-02289,SKU-1013,6,Producto averiado
DEV-03062,12/07/2023,C-02360,SKU-1085,8,No solicitado
DEV-03063,2025-07-25,C-90035,SKU-1085,8,Error de despacho
DEV-03064,2024-07-17,C-01699,SKU-1085,4,Empaque defectuoso
DEV-03065,19/02/2025,C-02173,SKU-1091,3,averiado
DEV-03066,01-01-2026,C-00153,SKU-1044,4,PRODUCTO AVERIADO
DEV-03067,2024-08-24,C-00641,SKU-1103,2,No solicitado
DEV-03068,09/01/2024,C-02053,SKU-1068,8,Empaque defectuoso
DEV-03069,2024-06-12,C-01272,SKU-1101,8,No solicitado
DEV-03070,11/01/2025,C-01085,SKU-1085,2,Vencido
DEV-03071,24-03-2024,C-01428,SKU-1053,8,Vencido
DEV-03072,26/09/2025,C-00087,SKU-1122,1,Empaque defectuoso
DEV-03073,2024-11-25,C-02103,SKU-1019,6,Error de despacho
DEV-03074,2025-11-29,C-00237,SKU-1013,1,Producto averiado
DEV-03075,2023-11-17,C-00206,SKU-1085,1,No solicitado
DEV-03076,03/03/2025,C-00593,SKU-1042,7,PRODUCTO AVERIADO
DEV-03077,2025-06-09,C-01081,SKU-1056,7,Producto averiado
DEV-03078,2025-07-12,C-01917,SKU-1085,2,Producto averiado
DEV-03079,05/11/2024,C-01363,SKU-1085,2,averiado
DEV-03080,2025-08-04,C-01345,SKU-1038,4,averiado
DEV-03081,18/05/2025,C-02125,SKU-1111,6,Producto averiado
DEV-03082,2024-08-05,C-00207,SKU-1078,7,Vencido
DEV-03083,2025-12-06,C-01589,SKU-1008,2,Empaque defectuoso
DEV-03084,2026-03-26,C-00526,SKU-1036,8,Producto averiado
DEV-03085,2023-12-20,C-90158,SKU-1071,5,Producto averiado
DEV-03086,2025-08-22,C-00245,SKU-1085,8,No solicitado
DEV-03087,2025-07-29,C-00608,SKU-1128,7,Producto averiado
DEV-03088,22/02/2023,C-00598,SKU-1074,6,Error de despacho
DEV-03089,28/02/2026,C-00374,SKU-1085,3,Producto averiado
DEV-03090,2025-02-21,C-00378,SKU-1127,2,Error de despacho
DEV-03091,24-06-2025,C-01357,SKU-1049,2,No solicitado
DEV-03092,25/01/2023,C-02136,SKU-1085,1,Vencido
DEV-03093,21/06/2025,C-00027,SKU-1029,4,Vencido
DEV-03094,2023-08-06,C-01022,SKU-1038,5,Vencido
DEV-03095,2024-10-14,C-01402,SKU-1038,6,No solicitado
DEV-03096,03-09-2023,C-02359,SKU-1039,6,Vencido
DEV-03097,2024-10-04,C-01577,SKU-1142,8,PRODUCTO AVERIADO
DEV-03098,04/15/2023,C-01916,SKU-1018,2,Producto averiado
DEV-03099,2025-01-07,C-90002,SKU-1087,3,averiado
DEV-03100,2023-12-30,C-01163,SKU-1080,3,Vencido
DEV-03101,05/08/2025,C-00570,SKU-1117,5,PRODUCTO AVERIADO
DEV-03102,2025-12-03,C-01536,SKU-1003,6,Error de despacho
DEV-03103,23-03-2023,C-00028,SKU-1038,1,No solicitado
DEV-03104,2026-03-11,C-02046,SKU-1053,5,Producto averiado
DEV-03105,2023-02-16,C-00876,SKU-1085,4,Error de despacho
DEV-03106,2025-02-22,C-01082,SKU-1078,2,Vencido
DEV-03107,2026-04-07,C-00044,SKU-1059,7,Producto averiado
DEV-03108,2026-06-12,C-90003,SKU-1097,7,Producto averiado
DEV-03109,14-12-2023,C-00396,SKU-1126,8,PRODUCTO AVERIADO
DEV-03110,11/07/2024,C-01282,SKU-1072,3,Producto averiado
DEV-03111,13/10/2025,C-90108,SKU-1066,2,No solicitado
DEV-03112,30-12-2023,C-01326,SKU-1085,1,Producto averiado
DEV-03113,2023-06-13,C-01125,SKU-1082,1,Vencido
DEV-03114,2024-09-12,C-00587,SKU-1085,1,Vencido
DEV-03115,2023-12-28,C-01098,SKU-1087,3,PRODUCTO AVERIADO
DEV-03116,2026-02-20,C-00508,SKU-1085,6,Vencido
DEV-03117,08/12/2024,C-01006,SKU-1024,7,Empaque defectuoso
DEV-03118,08/06/2025,C-01296,SKU-1085,4,PRODUCTO AVERIADO
DEV-03119,2025-10-28,C-01957,SKU-1070,4,averiado
DEV-03120,29/01/2024,C-01692,SKU-1050,5,PRODUCTO AVERIADO
DEV-03121,2026-01-14,C-90128,SKU-1027,2,Error de despacho
DEV-03122,2024-07-25,C-90029,SKU-1019,3,Vencido
DEV-03123,2024-01-09,C-90026,SKU-1124,8,Error de despacho
DEV-03124,10/07/2024,C-01174,SKU-1002,5,Producto averiado
DEV-03125,2024-03-29,C-00866,SKU-1024,6,Vencido
DEV-03126,23/10/2024,C-02044,SKU-1037,6,PRODUCTO AVERIADO
DEV-03127,2023-01-27,C-00362,SKU-1083,1,Vencido
DEV-03128,2024-10-13,C-01839,SKU-1099,1,Empaque defectuoso
DEV-03129,25-03-2024,C-01728,SKU-1085,8,Empaque defectuoso
DEV-03130,2024-05-04,C-01922,SKU-1147,1,averiado
DEV-03131,22/12/2024,C-00682,SKU-1034,4,Vencido
DEV-03132,21/02/2024,C-02273,SKU-1068,4,PRODUCTO AVERIADO
DEV-03133,2023-08-14,C-01797,SKU-1116,2,PRODUCTO AVERIADO
DEV-03134,17/05/2025,C-01912,SKU-1150,1,PRODUCTO AVERIADO
DEV-03135,2026-02-17,C-00868,SKU-1015,5,Empaque defectuoso
DEV-03136,2023-04-07,C-00538,SKU-1114,7,PRODUCTO AVERIADO
DEV-03137,2023-05-11,C-01271,SKU-1080,8,Error de despacho
DEV-03138,16-02-2026,C-01020,SKU-1134,1,Error de despacho
DEV-03139,19/04/2023,C-00277,SKU-1061,6,Producto averiado
DEV-03140,2026-04-29,C-01991,SKU-1149,2,PRODUCTO AVERIADO
DEV-03141,2026-01-16,C-90158,SKU-1102,3,averiado
DEV-03142,21-03-2024,C-00610,SKU-1109,8,No solicitado
DEV-03143,2024-12-01,C-01812,SKU-1071,6,Vencido
DEV-03144,2026-03-07,C-01145,SKU-1129,5,Producto averiado
DEV-03145,06-05-2023,C-90015,SKU-1031,7,Error de despacho
DEV-03146,2024-09-27,C-02234,SKU-1085,7,No solicitado
DEV-03147,07/12/2025,C-00022,SKU-1050,7,Producto averiado
DEV-03148,2024-05-30,C-00683,SKU-1072,6,No solicitado
DEV-03149,25/10/2023,C-02176,SKU-1110,1,Vencido
DEV-03150,03-02-2025,C-00582,SKU-1085,3,Vencido
DEV-03151,2025-05-17,C-01240,SKU-1085,8,Empaque defectuoso
DEV-03152,2025-10-23,C-00098,SKU-1011,4,Vencido
DEV-03153,02/12/2026,C-00732,SKU-1110,7,averiado
DEV-03154,03/10/2025,C-00831,SKU-1135,5,Vencido
DEV-03155,2026-02-18,C-01324,SKU-1076,4,Vencido
DEV-03156,22/11/2025,C-01195,SKU-1126,3,PRODUCTO AVERIADO
DEV-03157,05/04/2024,C-00429,SKU-1010,3,Empaque defectuoso
DEV-03158,06/12/2023,C-01938,SKU-1092,6,averiado
DEV-03159,2026-02-10,C-01877,SKU-1056,4,Vencido
DEV-03160,2023-05-15,C-02131,SKU-1141,5,averiado
DEV-03161,2024-04-13,C-01595,SKU-1085,6,Empaque defectuoso
DEV-03162,2024-10-24,C-01535,SKU-1058,2,No solicitado
DEV-03163,31-01-2025,C-02131,SKU-1143,4,Producto averiado
DEV-03164,27/06/2024,C-00529,SKU-1148,2,averiado
DEV-03165,06/06/2023,C-02281,SKU-1079,5,Vencido
DEV-03166,2026-06-27,C-00438,SKU-1143,2,Error de despacho
DEV-03167,2025-02-01,C-00985,SKU-1085,5,Vencido
DEV-03168,2026-05-21,C-01580,SKU-1085,8,Producto averiado
DEV-03169,2024-03-04,C-01187,SKU-1075,5,Error de despacho
DEV-03170,04/02/2025,C-02373,SKU-1141,6,PRODUCTO AVERIADO
DEV-03171,2023-03-18,C-00246,SKU-1098,7,Vencido
DEV-03172,13/08/2024,C-00629,SKU-1062,5,No solicitado
DEV-03173,2024-09-21,C-02316,SKU-1095,4,averiado
DEV-03174,2026-06-17,C-01897,SKU-1070,8,averiado
DEV-03175,30/04/2026,C-00979,SKU-1024,3,averiado
DEV-03176,19-05-2023,C-90079,SKU-1085,2,PRODUCTO AVERIADO
DEV-03177,18-05-2024,C-00227,SKU-1078,5,Vencido
DEV-03178,2024-01-29,C-01478,SKU-1040,4,Vencido
DEV-03179,19-02-2023,C-00765,SKU-1109,2,Vencido
DEV-03180,2024-12-18,C-90066,SKU-1064,3,averiado
DEV-03181,2025-04-22,C-01001,SKU-1037,4,averiado
DEV-03182,2024-08-03,C-00896,SKU-1151,8,averiado
DEV-03183,2025-10-04,C-01175,SKU-1084,5,Vencido
DEV-03184,09/17/2024,C-00560,SKU-1007,2,PRODUCTO AVERIADO
DEV-03185,2023-09-29,C-01008,SKU-1085,5,averiado
DEV-03186,02/15/2026,C-00156,SKU-1147,7,averiado
DEV-03187,2023-06-26,C-01151,SKU-1085,5,No solicitado
DEV-03188,2023-03-25,C-01041,SKU-1085,1,averiado
DEV-03189,2023-09-27,C-00463,SKU-1085,8,Vencido
DEV-03190,16/01/2025,C-00890,SKU-1139,7,averiado
DEV-03191,2026-01-16,C-00400,SKU-1105,3,Vencido
DEV-03192,2023-12-27,C-00186,SKU-1085,5,Vencido
DEV-03193,2023-03-23,C-02019,SKU-1089,2,Producto averiado
DEV-03194,2023-09-08,C-01468,SKU-1082,6,Empaque defectuoso
DEV-03195,2024-10-21,C-00655,SKU-1149,5,Producto averiado
DEV-03196,2025-10-31,C-01570,SKU-1128,6,Empaque defectuoso
DEV-03197,05/02/2023,C-00299,SKU-1150,5,PRODUCTO AVERIADO
DEV-03198,22-07-2023,C-00967,SKU-1006,7,No solicitado
DEV-03199,20/01/2023,C-90019,SKU-1085,1,No solicitado
DEV-03200,2023-12-11,C-90118,SKU-1085,7,No solicitado
